年份,学校,_985,_211,双一流,科类,批次,专业,最低分,最低分排名,全国统一招生代码,招生类型,生源地
2017,北京大学,1,1,1,理科,本科批,电子信息类,899,6,10001,普通类,海南
2017,北京大学,1,1,1,理科,本科批,理科试验班类,886,9,10001,普通类,海南
2017,北京大学,1,1,1,理科,本科批,经济学类,882,11,10001,普通类,海南
2017,北京大学,1,1,1,理科,本科批,工商管理类,876,14,10001,普通类,海南
2017,北京大学,1,1,1,理科,本科批,城乡规划,872,16,10001,普通类,海南
2017,北京大学,1,1,1,理科,本科批,心理学,865,19,10001,普通类,海南
2017,北京大学,1,1,1,文科,本科批,法学,912,2,10001,普通类,海南
2017,北京大学,1,1,1,文科,本科批,工商管理类,895,4,10001,普通类,海南
2017,北京大学,1,1,1,文科,本科批,经济学类,876,8,10001,普通类,海南
2017,北京大学,1,1,1,文科,本科批,国际政治,874,9,10001,普通类,海南
2017,北京大学,1,1,1,文科,本科批,中国语言文学类,871,10,10001,普通类,海南
2017,北京大学,1,1,1,文科,本科批,哲学类,868,11,10001,普通类,海南
2017,中国人民大学,1,1,1,理科,本科批,金融学类,849,37,10002,普通类,海南
2017,中国人民大学,1,1,1,理科,本科批,经济学类,845,41,10002,普通类,海南
2017,中国人民大学,1,1,1,理科,本科批,理科试验班（信息与数学）,837,53,10002,普通类,海南
2017,中国人民大学,1,1,1,文科,本科批,经济学类,851,19,10002,普通类,海南
2017,中国人民大学,1,1,1,文科,本科批,金融学类,847,22,10002,普通类,海南
2017,中国人民大学,1,1,1,文科,本科批,法学,842,26,10002,普通类,海南
2017,中国人民大学,1,1,1,文科,本科批,新闻传播学类,839,29,10002,普通类,海南
2017,清华大学,1,1,1,理科,本科批,理科试验班类（化生）,939,1,10003,普通类,海南
2017,清华大学,1,1,1,理科,本科批,理科试验班类（经济、金融与管理）,901,5,10003,普通类,海南
2017,清华大学,1,1,1,理科,本科批,工科试验班类（能源）,887,8,10003,普通类,海南
2017,清华大学,1,1,1,理科,本科批,电子信息类,883,10,10003,普通类,海南
2017,清华大学,1,1,1,理科,本科批,建筑类,873,15,10003,普通类,海南
2017,清华大学,1,1,1,文科,本科批,文科试验班类（经济、金融与管理）,860,14,10003,普通类,海南
2017,北京交通大学,0,1,1,理科,本科批,软件工程,743,740,10004,普通类,海南
2017,北京交通大学,0,1,1,理科,本科批,计算机类,738,843,10004,普通类,海南
2017,北京交通大学,0,1,1,理科,本科批,交通运输类,734,916,10004,普通类,海南
2017,北京交通大学,0,1,1,理科,本科批,土木类,725,1124,10004,普通类,海南
2017,北京交通大学,0,1,1,理科,本科批,机械类,725,1124,10004,普通类,海南
2017,北京交通大学,0,1,1,理科,本科批,电子信息类（通信与控制）,723,1179,10004,普通类,海南
2017,北京工业大学,0,1,1,文科,本科批,工业设计,734,551,10005,普通类,海南
2017,北京工业大学,0,1,1,文科,本科批,社会学类,710,944,10005,普通类,海南
2017,北京航空航天大学,1,1,1,理科,本科批,理科试验班类（高等理工学院）,813,112,10006,普通类,海南
2017,北京航空航天大学,1,1,1,理科,本科批,理科试验班类（中法工程师学院）,806,135,10006,普通类,海南
2017,北京航空航天大学,1,1,1,理科,本科批,工科试验班类（信息类）,801,158,10006,普通类,海南
2017,北京航空航天大学,1,1,1,理科,本科批,理科试验班类,793,197,10006,普通类,海南
2017,北京航空航天大学,1,1,1,理科,本科批,工科试验班类（航空*航天类）,792,202,10006,普通类,海南
2017,北京理工大学,1,1,1,理科,本科批,理科试验班（徐特立英才班）,780,289,10007,普通类,海南
2017,北京理工大学,1,1,1,理科,本科批,光电信息科学与工程,779,300,10007,普通类,海南
2017,北京理工大学,1,1,1,理科,本科批,理科试验班（数学菁英班）,774,337,10007,普通类,海南
2017,北京理工大学,1,1,1,理科,本科批,计算机类,767,413,10007,普通类,海南
2017,北京理工大学,1,1,1,理科,本科批,自动化类,761,474,10007,普通类,海南
2017,北京理工大学,1,1,1,理科,本科批,生物医学工程类,756,536,10007,普通类,海南
2017,北京理工大学,1,1,1,理科,本科批,经济管理试验班,755,556,10007,普通类,海南
2017,北京理工大学,1,1,1,理科,本科批,航空航天类,755,556,10007,普通类,海南
2017,北京理工大学,1,1,1,理科,本科批,电子信息类,751,605,10007,普通类,海南
2017,北京理工大学,1,1,1,理科,本科批,兵器类,751,605,10007,普通类,海南
2017,北京理工大学,1,1,1,理科,本科批,机械类,749,634,10007,普通类,海南
2017,北京理工大学,1,1,1,文科,本科批,社会科学试验班,778,186,10007,普通类,海南
2017,北京科技大学,0,1,1,理科,本科批,经济与贸易类,743,740,10008,普通类,海南
2017,北京科技大学,0,1,1,理科,本科批,机械类,737,859,10008,普通类,海南
2017,北京科技大学,0,1,1,理科,本科批,计算机类,732,963,10008,普通类,海南
2017,北京科技大学,0,1,1,理科,本科批,材料科学与工程,730,1004,10008,普通类,海南
2017,北京科技大学,0,1,1,理科,本科批,工科试验班类（卓越计划）,730,1004,10008,普通类,海南
2017,北京科技大学,0,1,1,理科,本科批,能源与动力工程,719,1291,10008,普通类,海南
2017,北京科技大学,0,1,1,理科,本科批,自动化类,719,1291,10008,普通类,海南
2017,北京科技大学,0,1,1,理科,本科批,工商管理类,716,1380,10008,普通类,海南
2017,北京科技大学,0,1,1,理科,本科批,生物技术,715,1411,10008,普通类,海南
2017,北京科技大学,0,1,1,理科,本科批,通信工程,714,1434,10008,普通类,海南
2017,北京科技大学,0,1,1,理科,本科批,管理科学与工程类,713,1462,10008,普通类,海南
2017,北京科技大学,0,1,1,理科,本科批,环境工程,709,1594,10008,普通类,海南
2017,北京科技大学,0,1,1,理科,本科批,土木工程,707,1661,10008,普通类,海南
2017,北京化工大学,0,1,1,理科,本科批,化学工程与工艺,695,2134,10010,普通类,海南
2017,北京化工大学,0,1,1,理科,本科批,高分子材料与工程,687,2479,10010,普通类,海南
2017,北京化工大学,0,1,1,理科,本科批,应用化学,685,2571,10010,普通类,海南
2017,北京化工大学,0,1,1,理科,本科批,制药工程,684,2619,10010,普通类,海南
2017,北京化工大学,0,1,1,理科,本科批,生物工程类（生物工程、生物技术、生物医学工程）,683,2677,10010,普通类,海南
2017,北京化工大学,0,1,1,理科,本科批,计算机科学与技术,682,2725,10010,普通类,海南
2017,北京化工大学,0,1,1,理科,本科批,信息管理与信息系统（大数据管理方向）,679,2867,10010,普通类,海南
2017,北京化工大学,0,1,1,理科,本科批,电子科学与技术,676,3041,10010,普通类,海南
2017,北京化工大学,0,1,1,理科,本科批,机械类（机械设计制造及其自动化、过程装备与控制工?、安全工程,674,3167,10010,普通类,海南
2017,北京化工大学,0,1,1,理科,本科批,环境工程,674,3167,10010,普通类,海南
2017,北京邮电大学,0,1,1,理科,本科批,计算机类,762,460,10013,普通类,海南
2017,北京邮电大学,0,1,1,理科,本科批,软件工程,758,509,10013,普通类,海南
2017,北京邮电大学,0,1,1,理科,本科批,理科试验班（数学与信息科学）,757,523,10013,普通类,海南
2017,北京邮电大学,0,1,1,理科,本科批,电子信息类（信息通信）,747,666,10013,普通类,海南
2017,北京邮电大学,0,1,1,理科,本科批,电子信息类（电子工程）,741,785,10013,普通类,海南
2017,北京邮电大学,0,1,1,理科,本科批,自动化,737,859,10013,普通类,海南
2017,北京邮电大学,0,1,1,理科,本科批,邮政工程,732,963,10013,普通类,海南
2017,北京邮电大学,0,1,1,理科,本科批,工商管理类,731,989,10013,普通类,海南
2017,北京邮电大学,0,1,1,理科,本科批,测控技术与仪器,729,1023,10013,普通类,海南
2017,北京邮电大学,0,1,1,理科,本科批,邮政管理,729,1023,10013,普通类,海南
2017,中国农业大学,1,1,1,理科,本科批,食品科学与工程类,758,509,10019,普通类,海南
2017,中国农业大学,1,1,1,理科,本科批,经济学类,755,556,10019,普通类,海南
2017,中国农业大学,1,1,1,理科,本科批,农学,743,740,10019,普通类,海南
2017,中国农业大学,1,1,1,理科,本科批,园林,723,1179,10019,普通类,海南
2017,中国农业大学,1,1,1,理科,本科批,农业工程类,686,2523,10019,普通类,海南
2017,中国农业大学,1,1,1,理科,本科批,环境科学与工程类,658,4186,10019,普通类,海南
2017,中国农业大学,1,1,1,理科,本科批,动物科学,635,5991,10019,普通类,海南
2017,中国农业大学,1,1,1,理科,本科批,农业建筑环境与能源工程,631,6352,10019,普通类,海南
2017,中国农业大学,1,1,1,理科,本科批,机械电子工程,620,7392,10019,普通类,海南
2017,北京林业大学,0,1,1,理科,本科批,风景园林,712,1495,10022,普通类,海南
2017,北京林业大学,0,1,1,理科,本科批,会计学,701,1884,10022,普通类,海南
2017,北京林业大学,0,1,1,理科,本科批,园林,695,2134,10022,普通类,海南
2017,北京林业大学,0,1,1,理科,本科批,环境科学,690,2349,10022,普通类,海南
2017,北京林业大学,0,1,1,理科,本科批,土木工程,690,2349,10022,普通类,海南
2017,北京林业大学,0,1,1,理科,本科批,林学类,682,2725,10022,普通类,海南
2017,北京林业大学,0,1,1,理科,本科批,计算机类,682,2725,10022,普通类,海南
2017,北京林业大学,0,1,1,理科,本科批,林业工程类,682,2725,10022,普通类,海南
2017,北京林业大学,0,1,1,理科,本科批,食品科学与工程,672,3284,10022,普通类,海南
2017,北京林业大学,0,1,1,理科,本科批,机械设计制造及其自动化,671,3356,10022,普通类,海南
2017,北京林业大学,0,1,1,文科,本科批,工商管理类,734,551,10022,普通类,海南
2017,北京林业大学,0,1,1,文科,本科批,法学,733,565,10022,普通类,海南
2017,北京林业大学,0,1,1,文科,本科批,农林经济管理,731,591,10022,普通类,海南
2017,北京中医药大学,0,1,1,理科,本科批,中医学（卓越中医京华班）,781,278,10026,普通类,海南
2017,北京中医药大学,0,1,1,理科,本科批,中医学（卓越中西医班）,732,963,10026,普通类,海南
2017,北京中医药大学,0,1,1,理科,本科批,针灸推拿学,726,1095,10026,普通类,海南
2017,北京中医药大学,0,1,1,理科,本科批,中医学（卓越中医班）,720,1259,10026,普通类,海南
2017,北京中医药大学,0,1,1,理科,本科批,中医学,706,1699,10026,普通类,海南
2017,北京中医药大学,0,1,1,理科,本科批,中医学（卓越针推对外班）,699,1970,10026,普通类,海南
2017,北京中医药大学,0,1,1,理科,本科批,中药制药,661,3976,10026,普通类,海南
2017,北京中医药大学,0,1,1,理科,本科批,中医学（卓越针推班）,660,4050,10026,普通类,海南
2017,北京中医药大学,0,1,1,理科,本科批,中药学,631,6352,10026,普通类,海南
2017,北京中医药大学,0,1,1,理科,本科批,公共事业管理（卫生事业）,627,6721,10026,普通类,海南
2017,北京中医药大学,0,1,1,理科,本科批,护理学,612,8215,10026,普通类,海南
2017,北京中医药大学,0,1,1,理科,本科批,法学（医药卫生）,605,8976,10026,普通类,海南
2017,北京师范大学,1,1,1,理科,本科批,心理学,787,237,10027,普通类,海南
2017,北京师范大学,1,1,1,理科,本科批,数学与应用数学,772,354,10027,普通类,海南
2017,北京师范大学,1,1,1,文科,本科批,教育学,812,67,10027,普通类,海南
2017,北京师范大学,1,1,1,文科,本科批,汉语言文学,811,68,10027,普通类,海南
2017,北京外国语大学,0,1,1,理科,本科批,英语,802,156,10030,普通类,海南
2017,北京外国语大学,0,1,1,理科,本科批,国际经济与贸易,783,260,10030,普通类,海南
2017,北京外国语大学,0,1,1,文科,本科批,英语,817,58,10030,普通类,海南
2017,北京外国语大学,0,1,1,文科,本科批,工商管理类,809,75,10030,普通类,海南
2017,中国传媒大学,0,1,1,理科,本科批,数字媒体技术,745,703,10033,普通类,海南
2017,中国传媒大学,0,1,1,理科,本科批,广播电视工程,738,843,10033,普通类,海南
2017,中国传媒大学,0,1,1,理科,本科批,传播学（媒体市场调查与分析方向）,736,879,10033,普通类,海南
2017,中国传媒大学,0,1,1,理科,本科批,通信工程,732,963,10033,普通类,海南
2017,中国传媒大学,0,1,1,理科,本科批,社会学,731,989,10033,普通类,海南
2017,中国传媒大学,0,1,1,文科,本科批,传播学,796,110,10033,普通类,海南
2017,中国传媒大学,0,1,1,文科,本科批,汉语国际教育,783,161,10033,普通类,海南
2017,中央财经大学,0,1,1,理科,本科批,金融学（国际金融与公司理财）,815,104,10034,普通类,海南
2017,中央财经大学,0,1,1,理科,本科批,工商管理类（会计学院）,791,205,10034,普通类,海南
2017,中央财经大学,0,1,1,理科,本科批,金融学,790,217,10034,普通类,海南
2017,中央财经大学,0,1,1,理科,本科批,财政学类,788,232,10034,普通类,海南
2017,中央财经大学,0,1,1,理科,本科批,统计学类,778,308,10034,普通类,海南
2017,中央财经大学,0,1,1,理科,本科批,经济学类,778,308,10034,普通类,海南
2017,中央财经大学,0,1,1,理科,本科批,工商管理类（商学院）,774,337,10034,普通类,海南
2017,中央财经大学,0,1,1,理科,本科批,计算机类,774,337,10034,普通类,海南
2017,中央财经大学,0,1,1,理科,本科批,经济学（数理经济与数理金融）,773,347,10034,普通类,海南
2017,中央财经大学,0,1,1,理科,本科批,金融学类（保险学院）,772,354,10034,普通类,海南
2017,中央财经大学,0,1,1,理科,本科批,财政学（财政理论与政策）,771,373,10034,普通类,海南
2017,中央财经大学,0,1,1,文科,本科批,金融学,829,39,10034,普通类,海南
2017,中央财经大学,0,1,1,文科,本科批,法学,801,95,10034,普通类,海南
2017,中央财经大学,0,1,1,文科,本科批,文化产业管理,786,147,10034,普通类,海南
2017,中央财经大学,0,1,1,文科,本科批,新闻传播学类,783,161,10034,普通类,海南
2017,中央财经大学,0,1,1,文科,本科批,社会学类,783,161,10034,普通类,海南
2017,对外经济贸易大学,0,1,1,理科,本科批,金融工程,807,132,10036,普通类,海南
2017,对外经济贸易大学,0,1,1,理科,本科批,金融学,803,149,10036,普通类,海南
2017,对外经济贸易大学,0,1,1,理科,本科批,会计学,798,173,10036,普通类,海南
2017,对外经济贸易大学,0,1,1,理科,本科批,金融学（国际金融与市场）,794,190,10036,普通类,海南
2017,对外经济贸易大学,0,1,1,理科,本科批,财务管理,792,202,10036,普通类,海南
2017,对外经济贸易大学,0,1,1,理科,本科批,国际经济与贸易,790,217,10036,普通类,海南
2017,对外经济贸易大学,0,1,1,理科,本科批,经济与金融,785,247,10036,普通类,海南
2017,对外经济贸易大学,0,1,1,理科,本科批,精算学,784,250,10036,普通类,海南
2017,对外经济贸易大学,0,1,1,文科,本科批,金融学,830,37,10036,普通类,海南
2017,对外经济贸易大学,0,1,1,文科,本科批,金融学（国际金融与市场）,829,39,10036,普通类,海南
2017,对外经济贸易大学,0,1,1,文科,本科批,国际经济与贸易,827,41,10036,普通类,海南
2017,对外经济贸易大学,0,1,1,文科,本科批,会计学,813,63,10036,普通类,海南
2017,对外经济贸易大学,0,1,1,文科,本科批,财务管理,812,67,10036,普通类,海南
2017,对外经济贸易大学,0,1,1,文科,本科批,海关管理,810,71,10036,普通类,海南
2017,对外经济贸易大学,0,1,1,文科,本科批,法学,810,71,10036,普通类,海南
2017,北京体育大学,0,1,1,理科,本科批,新闻学（体育新闻）,688,2429,10043,普通类,海南
2017,北京体育大学,0,1,1,理科,本科批,广告学（体育营销传播）,659,4114,10043,普通类,海南
2017,北京体育大学,0,1,1,理科,本科批,英语（国际体育）,653,4531,10043,普通类,海南
2017,北京体育大学,0,1,1,理科,本科批,公共事业管理（体育管理）,644,5209,10043,普通类,海南
2017,北京体育大学,0,1,1,理科,本科批,体育经济与管理,639,5629,10043,普通类,海南
2017,北京体育大学,0,1,1,理科,本科批,汉语国际教育,617,7703,10043,普通类,海南
2017,北京体育大学,0,1,1,理科,本科批,运动康复,610,8433,10043,普通类,海南
2017,北京体育大学,0,1,1,理科,本科批,应用心理学（运动心理）,607,8753,10043,普通类,海南
2017,北京体育大学,0,1,1,理科,本科批,运动人体科学,601,9424,10043,普通类,海南
2017,北京体育大学,0,1,1,文科,本科批,新闻学（体育新闻）,718,800,10043,普通类,海南
2017,北京体育大学,0,1,1,文科,本科批,英语（国际体育）,714,863,10043,普通类,海南
2017,北京体育大学,0,1,1,文科,本科批,汉语国际教育,714,863,10043,普通类,海南
2017,北京体育大学,0,1,1,文科,本科批,体育经济与管理,712,900,10043,普通类,海南
2017,北京体育大学,0,1,1,文科,本科批,公共事业管理（体育管理）,706,1021,10043,普通类,海南
2017,中央民族大学,1,1,1,理科,本科批,经济学类,712,1495,10052,普通类,海南
2017,中央民族大学,1,1,1,理科,本科批,工商管理类,707,1661,10052,普通类,海南
2017,中央民族大学,1,1,1,理科,本科批,电子信息类,705,1733,10052,普通类,海南
2017,中央民族大学,1,1,1,理科,本科批,计算机类,703,1808,10052,普通类,海南
2017,中央民族大学,1,1,1,理科,本科批,环境科学与工程类,700,1918,10052,普通类,海南
2017,中央民族大学,1,1,1,理科,本科批,法学,699,1970,10052,普通类,海南
2017,中央民族大学,1,1,1,理科,本科批,生物科学类,699,1970,10052,普通类,海南
2017,中央民族大学,1,1,1,理科,本科批,统计学类,699,1970,10052,普通类,海南
2017,中央民族大学,1,1,1,文科,本科批,中国语言文学类,760,290,10052,普通类,海南
2017,中央民族大学,1,1,1,文科,本科批,经济学类,759,299,10052,普通类,海南
2017,中央民族大学,1,1,1,文科,本科批,法学（法学与英语）,756,329,10052,普通类,海南
2017,中央民族大学,1,1,1,文科,本科批,新闻传播学类,755,338,10052,普通类,海南
2017,中央民族大学,1,1,1,文科,本科批,公共管理类,748,397,10052,普通类,海南
2017,中央民族大学,1,1,1,文科,本科批,历史学（中国与周边国家关系史实验班）,748,397,10052,普通类,海南
2017,中央民族大学,1,1,1,文科,本科批,哲学类,748,397,10052,普通类,海南
2017,中央民族大学,1,1,1,文科,本科批,外国语言文学类,747,404,10052,普通类,海南
2017,中央民族大学,1,1,1,文科,本科批,社会学类,746,414,10052,普通类,海南
2017,中国政法大学,0,1,1,理科,本科批,法学,750,618,10053,普通类,海南
2017,中国政法大学,0,1,1,理科,本科批,应用心理学,748,651,10053,普通类,海南
2017,中国政法大学,0,1,1,理科,本科批,工商管理,739,814,10053,普通类,海南
2017,中国政法大学,0,1,1,理科,本科批,公共事业管理,738,843,10053,普通类,海南
2017,中国政法大学,0,1,1,文科,本科批,法学,784,154,10053,普通类,海南
2017,中国政法大学,0,1,1,文科,本科批,网络与新媒体,779,178,10053,普通类,海南
2017,中国政法大学,0,1,1,文科,本科批,行政管理,778,186,10053,普通类,海南
2017,中国政法大学,0,1,1,文科,本科批,英语（法律英语方向）,778,186,10053,普通类,海南
2017,中国政法大学,0,1,1,文科,本科批,政治学与行政学,770,225,10053,普通类,海南
2017,华北电力大学,0,1,1,理科,本科批,电气类,711,1529,10054,普通类,海南
2017,华北电力大学,0,1,1,理科,本科批,电子信息类,706,1699,10054,普通类,海南
2017,华北电力大学,0,1,1,理科,本科批,自动化类,700,1918,10054,普通类,海南
2017,华北电力大学,0,1,1,理科,本科批,经济学类,698,2010,10054,普通类,海南
2017,华北电力大学,0,1,1,理科,本科批,计算机类,696,2092,10054,普通类,海南
2017,华北电力大学,0,1,1,理科,本科批,能源动力类,696,2092,10054,普通类,海南
2017,华北电力大学,0,1,1,理科,本科批,能源动力类（新能源）,694,2179,10054,普通类,海南
2017,华北电力大学,0,1,1,理科,本科批,环境科学与工程类,691,2302,10054,普通类,海南
2017,华北电力大学,0,1,1,理科,本科批,机械类,691,2302,10054,普通类,海南
2017,华北电力大学,0,1,1,理科,本科批,材料类,690,2349,10054,普通类,海南
2017,华北电力大学,0,1,1,理科,本科批,核工程类,689,2391,10054,普通类,海南
2017,华北电力大学,0,1,1,理科,本科批,水利类,687,2479,10054,普通类,海南
2017,华北电力大学,0,1,1,理科,本科批,土木类,687,2479,10054,普通类,海南
2017,华北电力大学,0,1,1,理科,本科批,数学类,686,2523,10054,普通类,海南
2017,华北电力大学,0,1,1,理科,本科批,管理科学与工程类,686,2523,10054,普通类,海南
2017,华北电力大学,0,1,1,文科,本科批,工商管理类,726,673,10054,普通类,海南
2017,华北电力大学,0,1,1,文科,本科批,公共管理类,722,731,10054,普通类,海南
2017,华北电力大学,0,1,1,文科,本科批,外国语言文学类,719,783,10054,普通类,海南
2017,南开大学,1,1,1,理科,本科批,金融学类,815,104,10055,普通类,海南
2017,南开大学,1,1,1,理科,本科批,经济学类,797,177,10055,普通类,海南
2017,南开大学,1,1,1,理科,本科批,数学类,787,237,10055,普通类,海南
2017,南开大学,1,1,1,理科,本科批,管理科学与工程类,785,247,10055,普通类,海南
2017,南开大学,1,1,1,理科,本科批,物理学类,782,272,10055,普通类,海南
2017,南开大学,1,1,1,理科,本科批,化学类,781,278,10055,普通类,海南
2017,南开大学,1,1,1,理科,本科批,计算机类,781,278,10055,普通类,海南
2017,南开大学,1,1,1,文科,本科批,经济学类,815,60,10055,普通类,海南
2017,南开大学,1,1,1,文科,本科批,汉语言文学,807,78,10055,普通类,海南
2017,南开大学,1,1,1,文科,本科批,西班牙语,796,110,10055,普通类,海南
2017,南开大学,1,1,1,文科,本科批,法学,790,129,10055,普通类,海南
2017,南开大学,1,1,1,文科,本科批,旅游管理类,785,150,10055,普通类,海南
2017,天津大学,1,1,1,理科,本科批,港口航道与海岸工程,756,536,10056,普通类,海南
2017,天津大学,1,1,1,理科,本科批,土木工程,752,595,10056,普通类,海南
2017,天津大学,1,1,1,理科,本科批,电气工程及其自动化,750,618,10056,普通类,海南
2017,天津大学,1,1,1,理科,本科批,建筑学,749,634,10056,普通类,海南
2017,天津大学,1,1,1,理科,本科批,测控技术与仪器,747,666,10056,普通类,海南
2017,天津大学,1,1,1,理科,本科批,机械设计制造及其自动化,745,703,10056,普通类,海南
2017,天津大学,1,1,1,理科,本科批,化学工程与工艺,744,726,10056,普通类,海南
2017,天津大学,1,1,1,理科,本科批,软件工程,744,726,10056,普通类,海南
2017,天津工业大学,0,0,1,理科,本科批,会计学,680,2809,10058,普通类,海南
2017,天津工业大学,0,0,1,理科,本科批,金融学,669,3447,10058,普通类,海南
2017,天津工业大学,0,0,1,理科,本科批,电子信息工程,668,3504,10058,普通类,海南
2017,天津工业大学,0,0,1,理科,本科批,工商管理,648,4893,10058,普通类,海南
2017,天津工业大学,0,0,1,理科,本科批,财务管理,646,5048,10058,普通类,海南
2017,天津工业大学,0,0,1,理科,本科批,经济学,644,5209,10058,普通类,海南
2017,天津工业大学,0,0,1,理科,本科批,电子信息科学与技术,642,5377,10058,普通类,海南
2017,天津工业大学,0,0,1,理科,本科批,国际经济与贸易,642,5377,10058,普通类,海南
2017,天津工业大学,0,0,1,理科,本科批,非织造材料与工程,642,5377,10058,普通类,海南
2017,天津工业大学,0,0,1,理科,本科批,广告学,639,5629,10058,普通类,海南
2017,天津工业大学,0,0,1,理科,本科批,信息管理与信息系统,639,5629,10058,普通类,海南
2017,天津工业大学,0,0,1,理科,本科批,法学,637,5798,10058,普通类,海南
2017,天津工业大学,0,0,1,理科,本科批,机械工程,636,5897,10058,普通类,海南
2017,天津工业大学,0,0,1,理科,本科批,物联网工程,636,5897,10058,普通类,海南
2017,天津工业大学,0,0,1,理科,本科批,电子科学与技术,636,5897,10058,普通类,海南
2017,天津工业大学,0,0,1,理科,本科批,纺织工程,635,5991,10058,普通类,海南
2017,天津工业大学,0,0,1,理科,本科批,服装设计与工程,634,6077,10058,普通类,海南
2017,天津医科大学,0,1,1,理科,本科批,口腔医学（“5+3”一体化）,746,685,10062,普通类,海南
2017,天津医科大学,0,1,1,理科,本科批,临床医学（“5+3”一体化，儿科学方向）,742,763,10062,普通类,海南
2017,天津医科大学,0,1,1,理科,本科批,临床医学（“5+3”一体化）,712,1495,10062,普通类,海南
2017,天津医科大学,0,1,1,理科,本科批,麻醉学,708,1632,10062,普通类,海南
2017,天津医科大学,0,1,1,理科,本科批,临床药学,708,1632,10062,普通类,海南
2017,天津医科大学,0,1,1,理科,本科批,药学,701,1884,10062,普通类,海南
2017,天津医科大学,0,1,1,理科,本科批,临床医学,700,1918,10062,普通类,海南
2017,天津医科大学,0,1,1,理科,本科批,眼视光医学,700,1918,10062,普通类,海南
2017,天津医科大学,0,1,1,理科,本科批,医学影像学,697,2055,10062,普通类,海南
2017,天津医科大学,0,1,1,理科,本科批,护理学,691,2302,10062,普通类,海南
2017,天津医科大学,0,1,1,理科,本科批,医学影像技术,684,2619,10062,普通类,海南
2017,天津医科大学,0,1,1,理科,本科批,医学检验技术,680,2809,10062,普通类,海南
2017,天津医科大学,0,1,1,理科,本科批,生物信息学,676,3041,10062,普通类,海南
2017,天津医科大学,0,1,1,理科,本科批,康复治疗学,671,3356,10062,普通类,海南
2017,河北工业大学,0,1,1,理科,本科批,软件工程,680,2809,10080,普通类,海南
2017,河北工业大学,0,1,1,理科,本科批,机械设计制造及其自动化,674,3167,10080,普通类,海南
2017,河北工业大学,0,1,1,理科,本科批,网络工程,666,3634,10080,普通类,海南
2017,河北工业大学,0,1,1,理科,本科批,海洋技术,662,3901,10080,普通类,海南
2017,河北工业大学,0,1,1,理科,本科批,应用物理学,661,3976,10080,普通类,海南
2017,河北工业大学,0,1,1,理科,本科批,工程管理,660,4050,10080,普通类,海南
2017,河北工业大学,0,1,1,理科,本科批,能源与动力工程,660,4050,10080,普通类,海南
2017,河北工业大学,0,1,1,理科,本科批,测绘工程,658,4186,10080,普通类,海南
2017,河北工业大学,0,1,1,理科,本科批,应用化学,657,4250,10080,普通类,海南
2017,河北工业大学,0,1,1,理科,本科批,数学与应用数学,655,4389,10080,普通类,海南
2017,河北工业大学,0,1,1,理科,本科批,制药工程,655,4389,10080,普通类,海南
2017,河北工业大学,0,1,1,理科,本科批,海洋资源与环境,654,4469,10080,普通类,海南
2017,河北工业大学,0,1,1,理科,本科批,给排水科学与工程,653,4531,10080,普通类,海南
2017,太原理工大学,0,1,1,理科,本科批,土木工程,680,2809,10112,普通类,海南
2017,太原理工大学,0,1,1,理科,本科批,电气工程及其自动化,667,3577,10112,普通类,海南
2017,太原理工大学,0,1,1,理科,本科批,建筑学,664,3768,10112,普通类,海南
2017,太原理工大学,0,1,1,理科,本科批,机械设计制造及其自动化,661,3976,10112,普通类,海南
2017,太原理工大学,0,1,1,理科,本科批,自动化,660,4050,10112,普通类,海南
2017,太原理工大学,0,1,1,理科,本科批,水利水电工程,656,4319,10112,普通类,海南
2017,太原理工大学,0,1,1,理科,本科批,制药工程,654,4469,10112,普通类,海南
2017,太原理工大学,0,1,1,理科,本科批,通信工程,653,4531,10112,普通类,海南
2017,太原理工大学,0,1,1,理科,本科批,物联网工程,650,4732,10112,普通类,海南
2017,太原理工大学,0,1,1,理科,本科批,电子信息工程,649,4808,10112,普通类,海南
2017,太原理工大学,0,1,1,理科,本科批,环境工程,646,5048,10112,普通类,海南
2017,太原理工大学,0,1,1,理科,本科批,信息与计算科学,646,5048,10112,普通类,海南
2017,太原理工大学,0,1,1,理科,本科批,光源与照明,645,5138,10112,普通类,海南
2017,太原理工大学,0,1,1,理科,本科批,给排水科学与工程,645,5138,10112,普通类,海南
2017,太原理工大学,0,1,1,理科,本科批,车辆工程,645,5138,10112,普通类,海南
2017,太原理工大学,0,1,1,理科,本科批,工业设计,645,5138,10112,普通类,海南
2017,太原理工大学,0,1,1,理科,本科批,城市地下空间工程,643,5293,10112,普通类,海南
2017,太原理工大学,0,1,1,理科,本科批,能源与动力工程,641,5462,10112,普通类,海南
2017,太原理工大学,0,1,1,理科,本科批,光电信息科学与工程,640,5546,10112,普通类,海南
2017,太原理工大学,0,1,1,理科,本科批,农业水利工程,640,5546,10112,普通类,海南
2017,太原理工大学,0,1,1,理科,本科批,材料成型及控制工程,637,5798,10112,普通类,海南
2017,太原理工大学,0,1,1,理科,本科批,统计学,637,5798,10112,普通类,海南
2017,太原理工大学,0,1,1,理科,本科批,化学工程与工艺,637,5798,10112,普通类,海南
2017,太原理工大学,0,1,1,理科,本科批,法学,636,5897,10112,普通类,海南
2017,太原理工大学,0,1,1,理科,本科批,金属材料工程,636,5897,10112,普通类,海南
2017,太原理工大学,0,1,1,理科,本科批,生物医学工程,634,6077,10112,普通类,海南
2017,太原理工大学,0,1,1,理科,本科批,水文与水资源工程,632,6252,10112,普通类,海南
2017,太原理工大学,0,1,1,理科,本科批,机械电子工程,631,6352,10112,普通类,海南
2017,太原理工大学,0,1,1,理科,本科批,工程力学,631,6352,10112,普通类,海南
2017,太原理工大学,0,1,1,理科,本科批,应用化学,630,6448,10112,普通类,海南
2017,太原理工大学,0,1,1,理科,本科批,冶金工程,630,6448,10112,普通类,海南
2017,太原理工大学,0,1,1,理科,本科批,应用物理学,628,6634,10112,普通类,海南
2017,太原理工大学,0,1,1,理科,本科批,安全工程,627,6721,10112,普通类,海南
2017,太原理工大学,0,1,1,理科,本科批,过程装备与控制工程,626,6819,10112,普通类,海南
2017,太原理工大学,0,1,1,理科,本科批,纺织工程,626,6819,10112,普通类,海南
2017,内蒙古大学,0,1,1,理科,本科批,数学类,641,5462,10126,普通类,海南
2017,内蒙古大学,0,1,1,理科,本科批,应用物理学,635,5991,10126,普通类,海南
2017,内蒙古大学,0,1,1,理科,本科批,自动化,597,9892,10126,普通类,海南
2017,内蒙古大学,0,1,1,理科,本科批,应用化学,585,11354,10126,普通类,海南
2017,内蒙古大学,0,1,1,理科,本科批,软件工程,563,14195,10126,普通类,海南
2017,内蒙古大学,0,1,1,理科,本科批,土木工程,556,15156,10126,普通类,海南
2017,内蒙古大学,0,1,1,理科,本科批,生物科学,539,17530,10126,普通类,海南
2017,辽宁大学,0,1,1,文科,本科批,会计学,713,880,10140,普通类,海南
2017,辽宁大学,0,1,1,文科,本科批,新闻学,712,900,10140,普通类,海南
2017,辽宁大学,0,1,1,文科,本科批,国际经济与贸易,701,1136,10140,普通类,海南
2017,辽宁大学,0,1,1,文科,本科批,英语,698,1203,10140,普通类,海南
2017,辽宁大学,0,1,1,文科,本科批,旅游管理,696,1244,10140,普通类,海南
2017,辽宁大学,0,1,1,文科,本科批,档案学,690,1397,10140,普通类,海南
2017,大连理工大学,1,1,1,理科,本科批,金融学类,734,916,10141,普通类,海南
2017,大连理工大学,1,1,1,理科,本科批,软件工程,728,1046,10141,普通类,海南
2017,大连理工大学,1,1,1,理科,本科批,电子信息工程（含英语强化班）,722,1205,10141,普通类,海南
2017,大连理工大学,1,1,1,理科,本科批,机械类,722,1205,10141,普通类,海南
2017,大连理工大学盘锦校区,1,1,1,理科,本科批,环境生态工程,683,2677,10141,普通类,海南
2017,大连理工大学盘锦校区,1,1,1,理科,本科批,化学工程与工艺（石油化工）,679,2867,10141,普通类,海南
2017,大连理工大学盘锦校区,1,1,1,理科,本科批,电子商务,675,3103,10141,普通类,海南
2017,大连理工大学盘锦校区,1,1,1,理科,本科批,海洋技术,672,3284,10141,普通类,海南
2017,东北大学,1,1,1,理科,本科批,自动化类,716,1380,10145,普通类,海南
2017,东北大学,1,1,1,理科,本科批,计算机类,708,1632,10145,普通类,海南
2017,东北大学,1,1,1,理科,本科批,经济管理试验班,703,1808,10145,普通类,海南
2017,东北大学,1,1,1,理科,本科批,电子信息类,702,1841,10145,普通类,海南
2017,东北大学,1,1,1,理科,本科批,机械类,700,1918,10145,普通类,海南
2017,大连海事大学,0,1,1,理科,本科批,交通运输,699,1970,10151,普通类,海南
2017,大连海事大学,0,1,1,理科,本科批,交通管理,685,2571,10151,普通类,海南
2017,大连海事大学,0,1,1,理科,本科批,物流管理,684,2619,10151,普通类,海南
2017,大连海事大学,0,1,1,理科,本科批,物联网工程,671,3356,10151,普通类,海南
2017,大连海事大学,0,1,1,理科,本科批,海洋资源与环境,670,3405,10151,普通类,海南
2017,大连海事大学,0,1,1,理科,本科批,电气工程及其自动化,667,3577,10151,普通类,海南
2017,大连海事大学,0,1,1,理科,本科批,能源与动力工程,666,3634,10151,普通类,海南
2017,大连海事大学,0,1,1,理科,本科批,电子信息工程,664,3768,10151,普通类,海南
2017,大连海事大学,0,1,1,理科,本科批,轮机工程（陆上专业）,663,3834,10151,普通类,海南
2017,大连海事大学,0,1,1,理科,本科批,计算机科学与技术,662,3901,10151,普通类,海南
2017,大连海事大学,0,1,1,理科,本科批,土木工程,662,3901,10151,普通类,海南
2017,大连海事大学,0,1,1,理科,本科批,经济学,660,4050,10151,普通类,海南
2017,大连海事大学,0,1,1,理科,本科批,信息管理与信息系统,660,4050,10151,普通类,海南
2017,大连海事大学,0,1,1,理科,本科批,统计学,657,4250,10151,普通类,海南
2017,大连海事大学,0,1,1,理科,本科批,电子商务,652,4611,10151,普通类,海南
2017,大连海事大学,0,1,1,理科,本科批,行政管理,652,4611,10151,普通类,海南
2017,大连海事大学,0,1,1,理科,本科批,应用物理学,651,4663,10151,普通类,海南
2017,大连海事大学,0,1,1,文科,本科批,国际经济与贸易,716,832,10151,普通类,海南
2017,吉林大学,1,1,1,理科,本科批,临床医学,736,879,10183,普通类,海南
2017,吉林大学,1,1,1,理科,本科批,经济学（经济学院）,727,1071,10183,普通类,海南
2017,吉林大学,1,1,1,理科,本科批,车辆工程,726,1095,10183,普通类,海南
2017,吉林大学,1,1,1,理科,本科批,口腔医学,721,1232,10183,普通类,海南
2017,吉林大学,1,1,1,理科,本科批,法学,720,1259,10183,普通类,海南
2017,吉林大学,1,1,1,理科,本科批,会计学（商学院）,718,1322,10183,普通类,海南
2017,吉林大学,1,1,1,理科,本科批,数学与应用数学,716,1380,10183,普通类,海南
2017,吉林大学,1,1,1,理科,本科批,化学,716,1380,10183,普通类,海南
2017,吉林大学,1,1,1,理科,本科批,计算机科学与技术,714,1434,10183,普通类,海南
2017,吉林大学,1,1,1,理科,本科批,土木工程,714,1434,10183,普通类,海南
2017,吉林大学,1,1,1,理科,本科批,软件工程,713,1462,10183,普通类,海南
2017,吉林大学,1,1,1,理科,本科批,通信工程,712,1495,10183,普通类,海南
2017,吉林大学,1,1,1,理科,本科批,市场营销（商学院）,712,1495,10183,普通类,海南
2017,吉林大学,1,1,1,理科,本科批,信息管理与信息系统（商学院）,711,1529,10183,普通类,海南
2017,吉林大学,1,1,1,理科,本科批,机械工程,710,1560,10183,普通类,海南
2017,吉林大学,1,1,1,理科,本科批,电子科学与技术,710,1560,10183,普通类,海南
2017,吉林大学,1,1,1,理科,本科批,材料成型及控制工程,709,1594,10183,普通类,海南
2017,吉林大学,1,1,1,理科,本科批,信息工程,709,1594,10183,普通类,海南
2017,吉林大学,1,1,1,理科,本科批,药学,708,1632,10183,普通类,海南
2017,吉林大学,1,1,1,理科,本科批,交通工程,708,1632,10183,普通类,海南
2017,吉林大学,1,1,1,理科,本科批,汽车服务工程,707,1661,10183,普通类,海南
2017,吉林大学,1,1,1,理科,本科批,测控技术与仪器（通信学院）,707,1661,10183,普通类,海南
2017,吉林大学,1,1,1,理科,本科批,生物技术（生命科学学院）,705,1733,10183,普通类,海南
2017,吉林大学,1,1,1,理科,本科批,食品质量与安全,705,1733,10183,普通类,海南
2017,吉林大学,1,1,1,理科,本科批,勘查技术与工程,703,1808,10183,普通类,海南
2017,吉林大学,1,1,1,理科,本科批,水利类,703,1808,10183,普通类,海南
2017,吉林大学,1,1,1,文科,本科批,金融学,771,222,10183,普通类,海南
2017,吉林大学,1,1,1,文科,本科批,法学,763,272,10183,普通类,海南
2017,吉林大学,1,1,1,文科,本科批,汉语言文学,759,299,10183,普通类,海南
2017,吉林大学,1,1,1,文科,本科批,新闻学,757,316,10183,普通类,海南
2017,延边大学,0,1,1,理科,本科批,临床医学,632,6252,10184,普通类,海南
2017,延边大学,0,1,1,理科,本科批,麻醉学,632,6252,10184,普通类,海南
2017,延边大学,0,1,1,理科,本科批,电子信息类,618,7602,10184,普通类,海南
2017,延边大学,0,1,1,理科,本科批,计算机科学与技术,609,8531,10184,普通类,海南
2017,延边大学,0,1,1,理科,本科批,土木工程,607,8753,10184,普通类,海南
2017,延边大学,0,1,1,理科,本科批,机械设计制造及其自动化,588,10982,10184,普通类,海南
2017,延边大学,0,1,1,理科,本科批,药学类,587,11100,10184,普通类,海南
2017,延边大学,0,1,1,理科,本科批,信息管理与信息系统,585,11354,10184,普通类,海南
2017,延边大学,0,1,1,理科,本科批,化学类,572,13013,10184,普通类,海南
2017,延边大学,0,1,1,理科,本科批,经济学类（中外合作办学）,571,13138,10184,中外合作办学,海南
2017,延边大学,0,1,1,理科,本科批,物理学,570,13271,10184,普通类,海南
2017,延边大学,0,1,1,理科,本科批,旅游管理,567,13656,10184,普通类,海南
2017,延边大学,0,1,1,理科,本科批,统计学,564,14060,10184,普通类,海南
2017,延边大学,0,1,1,理科,本科批,化学工程与工艺,563,14195,10184,普通类,海南
2017,延边大学,0,1,1,理科,本科批,电子信息类（中外合作办学）,561,14475,10184,中外合作办学,海南
2017,延边大学,0,1,1,理科,本科批,中医学,559,14759,10184,普通类,海南
2017,延边大学,0,1,1,文科,本科批,经济学类（中外合作办学）,678,1731,10184,中外合作办学,海南
2017,延边大学,0,1,1,文科,本科批,法学,672,1930,10184,普通类,海南
2017,延边大学,0,1,1,文科,本科批,信息管理与信息系统,662,2289,10184,普通类,海南
2017,延边大学,0,1,1,文科,本科批,旅游管理,660,2368,10184,普通类,海南
2017,延边大学,0,1,1,文科,本科批,汉语言文学,651,2733,10184,普通类,海南
2017,延边大学,0,1,1,文科,本科批,朝鲜语,650,2784,10184,普通类,海南
2017,东北师范大学,0,1,1,理科,本科批,工商管理类,687,2479,10200,普通类,海南
2017,东北师范大学,0,1,1,理科,本科批,地理信息科学,687,2479,10200,普通类,海南
2017,东北师范大学,0,1,1,文科,本科批,法学,730,604,10200,普通类,海南
2017,东北师范大学,0,1,1,文科,本科批,汉语言文学,730,604,10200,普通类,海南
2017,哈尔滨工业大学,1,1,1,理科,本科批,计算机类,785,247,10213,普通类,海南
2017,哈尔滨工业大学,1,1,1,理科,本科批,土木类,764,439,10213,普通类,海南
2017,哈尔滨工业大学,1,1,1,理科,本科批,自动化类,760,482,10213,普通类,海南
2017,哈尔滨工业大学,1,1,1,理科,本科批,电子信息类,759,495,10213,普通类,海南
2017,哈尔滨工业大学,1,1,1,理科,本科批,电气工程及其自动化,753,580,10213,普通类,海南
2017,哈尔滨工业大学,1,1,1,理科,本科批,机械类,746,685,10213,普通类,海南
2017,哈尔滨工业大学,1,1,1,理科,本科批,飞行器设计与工程,746,685,10213,普通类,海南
2017,哈尔滨工业大学,1,1,1,理科,本科批,能源动力类,744,726,10213,普通类,海南
2017,哈尔滨工业大学,1,1,1,理科,本科批,材料科学与工程,741,785,10213,普通类,海南
2017,哈尔滨工业大学,1,1,1,理科,本科批,仪器类,741,785,10213,普通类,海南
2017,哈尔滨工程大学,0,1,1,理科,本科批,航空航天类,696,2092,10217,普通类,海南
2017,哈尔滨工程大学,0,1,1,理科,本科批,港口航道与海岸工程,681,2763,10217,普通类,海南
2017,哈尔滨工程大学,0,1,1,理科,本科批,能源与动力工程,674,3167,10217,普通类,海南
2017,哈尔滨工程大学,0,1,1,理科,本科批,自动化类,673,3230,10217,普通类,海南
2017,哈尔滨工程大学,0,1,1,理科,本科批,电子信息类,671,3356,10217,普通类,海南
2017,哈尔滨工程大学,0,1,1,理科,本科批,计算机类,668,3504,10217,普通类,海南
2017,哈尔滨工程大学,0,1,1,理科,本科批,机械设计制造及其自动化,664,3768,10217,普通类,海南
2017,东北农业大学,0,1,1,理科,本科批,金融学类（经济学）,621,7296,10224,普通类,海南
2017,东北农业大学,0,1,1,理科,本科批,食品科学与工程类,602,9308,10224,普通类,海南
2017,东北农业大学,0,1,1,理科,本科批,风景园林,602,9308,10224,普通类,海南
2017,东北农业大学,0,1,1,理科,本科批,能源动力类（工学II）,582,11744,10224,普通类,海南
2017,东北农业大学,0,1,1,理科,本科批,计算机类,554,15411,10224,普通类,海南
2017,东北农业大学,0,1,1,文科,本科批,工商管理类（管理学II）,633,3574,10224,普通类,海南
2017,东北林业大学,0,1,1,理科,本科批,环境科学,650,4732,10225,普通类,海南
2017,东北林业大学,0,1,1,理科,本科批,计算机类,639,5629,10225,普通类,海南
2017,东北林业大学,0,1,1,理科,本科批,电子信息类,638,5715,10225,普通类,海南
2017,东北林业大学,0,1,1,理科,本科批,风景园林,636,5897,10225,普通类,海南
2017,东北林业大学,0,1,1,理科,本科批,土木工程,631,6352,10225,普通类,海南
2017,东北林业大学,0,1,1,理科,本科批,交通运输类,630,6448,10225,普通类,海南
2017,东北林业大学,0,1,1,理科,本科批,轻化工程,628,6634,10225,普通类,海南
2017,东北林业大学,0,1,1,理科,本科批,工商管理类,621,7296,10225,普通类,海南
2017,东北林业大学,0,1,1,理科,本科批,物流工程,621,7296,10225,普通类,海南
2017,东北林业大学,0,1,1,理科,本科批,机械类（机电）,620,7392,10225,普通类,海南
2017,东北林业大学,0,1,1,理科,本科批,木材科学与工程,619,7510,10225,普通类,海南
2017,东北林业大学,0,1,1,理科,本科批,食品科学与工程,617,7703,10225,普通类,海南
2017,东北林业大学,0,1,1,理科,本科批,电气类,616,7821,10225,普通类,海南
2017,东北林业大学,0,1,1,理科,本科批,动物科学,616,7821,10225,普通类,海南
2017,东北林业大学,0,1,1,理科,本科批,园林,616,7821,10225,普通类,海南
2017,东北林业大学,0,1,1,理科,本科批,工业工程,615,7923,10225,普通类,海南
2017,东北林业大学,0,1,1,文科,本科批,工商管理类,689,1431,10225,普通类,海南
2017,东北林业大学,0,1,1,文科,本科批,广告学,670,1987,10225,普通类,海南
2017,东北林业大学,0,1,1,文科,本科批,法学,670,1987,10225,普通类,海南
2017,东北林业大学,0,1,1,文科,本科批,社会工作,661,2329,10225,普通类,海南
2017,复旦大学,1,1,1,理科,本科批,经济学类,853,31,10246,普通类,海南
2017,复旦大学,1,1,1,理科,本科批,经济管理试验班,847,38,10246,普通类,海南
2017,复旦大学,1,1,1,理科,本科批,临床医学（卓越医生计划）医学院,825,79,10246,普通类,海南
2017,复旦大学,1,1,1,文科,本科批,经济学类,849,20,10246,普通类,海南
2017,复旦大学,1,1,1,文科,本科批,新闻传播学类,845,24,10246,普通类,海南
2017,同济大学,1,1,1,理科,本科批,建筑学,845,41,10247,普通类,海南
2017,同济大学,1,1,1,理科,本科批,城乡规划,829,71,10247,普通类,海南
2017,同济大学,1,1,1,理科,本科批,风景园林,829,71,10247,普通类,海南
2017,同济大学,1,1,1,理科,本科批,土木工程,825,79,10247,普通类,海南
2017,同济大学,1,1,1,理科,本科批,工科试验班（环境类）,820,89,10247,普通类,海南
2017,同济大学,1,1,1,理科,本科批,测绘工程,818,96,10247,普通类,海南
2017,同济大学,1,1,1,理科,本科批,社会科学试验班（管理类）,816,102,10247,普通类,海南
2017,同济大学,1,1,1,理科,本科批,工科试验班（交通类）,814,107,10247,普通类,海南
2017,同济大学,1,1,1,理科,本科批,工科试验班（电子类）,814,107,10247,普通类,海南
2017,同济大学,1,1,1,理科,本科批,工科试验班（电气类）,813,112,10247,普通类,海南
2017,同济大学,1,1,1,理科,本科批,工科试验班（机械类）,813,112,10247,普通类,海南
2017,同济大学,1,1,1,理科,本科批,软件工程,811,118,10247,普通类,海南
2017,同济大学,1,1,1,理科,本科批,理科试验班（数学类）,811,118,10247,普通类,海南
2017,同济大学,1,1,1,理科,本科批,理科试验班（化学类）,808,127,10247,普通类,海南
2017,同济大学,1,1,1,文科,本科批,日语,788,136,10247,普通类,海南
2017,同济大学,1,1,1,文科,本科批,英语,787,142,10247,普通类,海南
2017,同济大学,1,1,1,文科,本科批,政治学与行政学,787,142,10247,普通类,海南
2017,同济大学,1,1,1,文科,本科批,人文科学试验班,786,147,10247,普通类,海南
2017,上海交通大学,1,1,1,理科,本科批,电子信息类,852,32,10248,普通类,海南
2017,上海交通大学,1,1,1,文科,本科批,经济学类,841,27,10248,普通类,海南
2017,华东理工大学,0,1,1,理科,本科批,管理科学与工程类,750,618,10251,普通类,海南
2017,华东理工大学,0,1,1,理科,本科批,经济学类,723,1179,10251,普通类,海南
2017,华东理工大学,0,1,1,理科,本科批,电子信息类,720,1259,10251,普通类,海南
2017,华东理工大学,0,1,1,理科,本科批,工商管理类,719,1291,10251,普通类,海南
2017,华东理工大学,0,1,1,理科,本科批,化工与制药类,715,1411,10251,普通类,海南
2017,华东理工大学,0,1,1,理科,本科批,风景园林,715,1411,10251,普通类,海南
2017,华东理工大学,0,1,1,理科,本科批,药学类,714,1434,10251,普通类,海南
2017,华东理工大学,0,1,1,理科,本科批,机械类,712,1495,10251,普通类,海南
2017,华东理工大学,0,1,1,理科,本科批,生物工程类,711,1529,10251,普通类,海南
2017,华东理工大学,0,1,1,理科,本科批,应用化学,709,1594,10251,普通类,海南
2017,东华大学,0,1,1,理科,本科批,经济管理试验班,715,1411,10255,普通类,海南
2017,东华大学,0,1,1,理科,本科批,经济与贸易类,713,1462,10255,普通类,海南
2017,东华大学,0,1,1,理科,本科批,物理学类（光电与能源新技术）,708,1632,10255,普通类,海南
2017,东华大学,0,1,1,理科,本科批,数学类（金融与统计）,707,1661,10255,普通类,海南
2017,东华大学,0,1,1,理科,本科批,材料类,706,1699,10255,普通类,海南
2017,东华大学,0,1,1,理科,本科批,管理科学与工程类,706,1699,10255,普通类,海南
2017,东华大学,0,1,1,理科,本科批,计算机类,704,1769,10255,普通类,海南
2017,东华大学,0,1,1,理科,本科批,电子信息类,697,2055,10255,普通类,海南
2017,东华大学,0,1,1,理科,本科批,建筑环境与能源应用工程,696,2092,10255,普通类,海南
2017,东华大学,0,1,1,理科,本科批,纺织类,696,2092,10255,普通类,海南
2017,东华大学,0,1,1,理科,本科批,机械工程,696,2092,10255,普通类,海南
2017,上海海洋大学,0,0,1,理科,本科批,会计学,653,4531,10264,普通类,海南
2017,上海海洋大学,0,0,1,理科,本科批,海洋科学类,651,4663,10264,普通类,海南
2017,上海海洋大学,0,0,1,理科,本科批,食品科学与工程类,650,4732,10264,普通类,海南
2017,上海海洋大学,0,0,1,理科,本科批,计算机科学与技术,642,5377,10264,普通类,海南
2017,上海海洋大学,0,0,1,理科,本科批,机械设计制造及其自动化,639,5629,10264,普通类,海南
2017,上海海洋大学,0,0,1,理科,本科批,水产类,638,5715,10264,普通类,海南
2017,华东师范大学,1,1,1,理科,本科批,软件工程,763,454,10269,普通类,海南
2017,华东师范大学,1,1,1,理科,本科批,统计学类,761,474,10269,普通类,海南
2017,华东师范大学,1,1,1,理科,本科批,金融学类,755,556,10269,普通类,海南
2017,华东师范大学,1,1,1,理科,本科批,数学类,755,556,10269,普通类,海南
2017,华东师范大学,1,1,1,理科,本科批,化学,752,595,10269,普通类,海南
2017,华东师范大学,1,1,1,理科,本科批,心理学类,750,618,10269,普通类,海南
2017,华东师范大学,1,1,1,理科,本科批,物理学类,748,651,10269,普通类,海南
2017,华东师范大学,1,1,1,文科,本科批,金融学类,800,97,10269,普通类,海南
2017,华东师范大学,1,1,1,文科,本科批,汉语国际教育,798,102,10269,普通类,海南
2017,华东师范大学,1,1,1,文科,本科批,汉语言文学,794,115,10269,普通类,海南
2017,华东师范大学,1,1,1,文科,本科批,历史学,792,121,10269,普通类,海南
2017,华东师范大学,1,1,1,文科,本科批,新闻传播学类,788,136,10269,普通类,海南
2017,华东师范大学,1,1,1,文科,本科批,工商管理类,784,154,10269,普通类,海南
2017,华东师范大学,1,1,1,文科,本科批,政治学类,784,154,10269,普通类,海南
2017,上海外国语大学,0,1,1,理科,本科批,法语,790,217,10271,普通类,海南
2017,上海外国语大学,0,1,1,理科,本科批,国际经济与贸易（日语）,765,427,10271,普通类,海南
2017,上海外国语大学,0,1,1,文科,本科批,国际经济与贸易（日语）,800,97,10271,普通类,海南
2017,上海外国语大学,0,1,1,文科,本科批,法语,796,110,10271,普通类,海南
2017,上海财经大学,0,1,1,理科,本科批,财务管理,816,102,10272,普通类,海南
2017,上海财经大学,0,1,1,理科,本科批,工商管理类,799,169,10272,普通类,海南
2017,上海财经大学,0,1,1,理科,本科批,统计学类,792,202,10272,普通类,海南
2017,上海财经大学,0,1,1,理科,本科批,电子商务,791,205,10272,普通类,海南
2017,南京大学,1,1,1,理科,本科批,理科试验班（数理科学类）,835,59,10284,普通类,海南
2017,南京大学,1,1,1,理科,本科批,理科试验班（化学与生命科学类）,833,62,10284,普通类,海南
2017,南京大学,1,1,1,理科,本科批,经济管理试验班,827,74,10284,普通类,海南
2017,南京大学,1,1,1,理科,本科批,工科试验班,823,82,10284,普通类,海南
2017,南京大学,1,1,1,理科,本科批,计算机类,822,85,10284,普通类,海南
2017,南京大学,1,1,1,理科,本科批,软件工程,821,87,10284,普通类,海南
2017,南京大学,1,1,1,理科,本科批,电子信息类,820,89,10284,普通类,海南
2017,南京大学,1,1,1,理科,本科批,理科试验班（地球科学与资源环境类）,818,96,10284,普通类,海南
2017,南京大学,1,1,1,文科,本科批,经济管理试验班,837,31,10284,普通类,海南
2017,南京大学,1,1,1,文科,本科批,人文科学试验班（人文艺术传播类）,836,32,10284,普通类,海南
2017,苏州大学,0,1,1,理科,本科批,临床医学（“5+3”一体化）,763,454,10285,普通类,海南
2017,苏州大学,0,1,1,理科,本科批,临床医学,727,1071,10285,普通类,海南
2017,苏州大学,0,1,1,理科,本科批,建筑学,717,1346,10285,普通类,海南
2017,苏州大学,0,1,1,理科,本科批,临床医学（儿科医学）,710,1560,10285,普通类,海南
2017,苏州大学,0,1,1,理科,本科批,计算机类,708,1632,10285,普通类,海南
2017,苏州大学,0,1,1,理科,本科批,光电信息科学与工程,706,1699,10285,普通类,海南
2017,苏州大学,0,1,1,理科,本科批,电子信息工程,706,1699,10285,普通类,海南
2017,苏州大学,0,1,1,理科,本科批,生物制药,704,1769,10285,普通类,海南
2017,苏州大学,0,1,1,理科,本科批,电气工程及其自动化,701,1884,10285,普通类,海南
2017,苏州大学,0,1,1,理科,本科批,化学工程与工艺,701,1884,10285,普通类,海南
2017,苏州大学,0,1,1,理科,本科批,纺织类,700,1918,10285,普通类,海南
2017,苏州大学,0,1,1,理科,本科批,法医学,699,1970,10285,普通类,海南
2017,苏州大学,0,1,1,理科,本科批,放射医学,698,2010,10285,普通类,海南
2017,苏州大学,0,1,1,理科,本科批,护理学,698,2010,10285,普通类,海南
2017,苏州大学,0,1,1,理科,本科批,轻化工程,697,2055,10285,普通类,海南
2017,苏州大学,0,1,1,文科,本科批,法学,756,329,10285,普通类,海南
2017,苏州大学,0,1,1,文科,本科批,新闻传播学类,751,371,10285,普通类,海南
2017,苏州大学,0,1,1,文科,本科批,金融学,750,377,10285,普通类,海南
2017,苏州大学,0,1,1,文科,本科批,英语,749,386,10285,普通类,海南
2017,苏州大学,0,1,1,文科,本科批,物流管理,747,404,10285,普通类,海南
2017,苏州大学,0,1,1,文科,本科批,中国语言文学类,746,414,10285,普通类,海南
2017,东南大学,1,1,1,理科,本科批,城乡规划,787,237,10286,普通类,海南
2017,东南大学,1,1,1,理科,本科批,信息工程,772,354,10286,普通类,海南
2017,东南大学,1,1,1,理科,本科批,土木类,771,373,10286,普通类,海南
2017,东南大学,1,1,1,理科,本科批,软件工程,771,373,10286,普通类,海南
2017,东南大学,1,1,1,理科,本科批,电子科学与技术（类）,768,398,10286,普通类,海南
2017,东南大学,1,1,1,理科,本科批,测控技术与仪器,764,439,10286,普通类,海南
2017,东南大学,1,1,1,理科,本科批,工商管理类,761,474,10286,普通类,海南
2017,东南大学,1,1,1,理科,本科批,能源动力类,761,474,10286,普通类,海南
2017,东南大学,1,1,1,理科,本科批,电气工程及其自动化,759,495,10286,普通类,海南
2017,东南大学,1,1,1,理科,本科批,交通运输类,756,536,10286,普通类,海南
2017,东南大学,1,1,1,理科,本科批,临床医学（“5+3”一体化培养）,756,536,10286,普通类,海南
2017,东南大学,1,1,1,理科,本科批,环境工程,752,595,10286,普通类,海南
2017,东南大学,1,1,1,理科,本科批,机械工程,752,595,10286,普通类,海南
2017,东南大学,1,1,1,理科,本科批,化工与制药类,751,605,10286,普通类,海南
2017,东南大学,1,1,1,理科,本科批,测绘类,748,651,10286,普通类,海南
2017,南京航空航天大学,0,1,1,理科,本科批,交通运输（机场运行与管理）,742,763,10287,普通类,海南
2017,南京航空航天大学,0,1,1,理科,本科批,飞行器设计与工程,741,785,10287,普通类,海南
2017,南京航空航天大学,0,1,1,理科,本科批,计算机科学与技术,739,814,10287,普通类,海南
2017,南京航空航天大学,0,1,1,理科,本科批,交通运输（民航机务工程）,738,843,10287,普通类,海南
2017,南京航空航天大学,0,1,1,理科,本科批,飞行器动力工程,731,989,10287,普通类,海南
2017,南京航空航天大学,0,1,1,理科,本科批,材料科学与工程,729,1023,10287,普通类,海南
2017,南京航空航天大学,0,1,1,理科,本科批,交通运输（民航运输管理）,722,1205,10287,普通类,海南
2017,南京航空航天大学,0,1,1,理科,本科批,信息与计算科学,722,1205,10287,普通类,海南
2017,南京航空航天大学,0,1,1,文科,本科批,经济与贸易类,756,329,10287,普通类,海南
2017,南京航空航天大学,0,1,1,文科,本科批,英语（民航业务、国际贸易）,742,461,10287,普通类,海南
2017,南京航空航天大学,0,1,1,文科,本科批,广播电视学,737,515,10287,普通类,海南
2017,南京航空航天大学,0,1,1,文科,本科批,法学,735,538,10287,普通类,海南
2017,南京航空航天大学,0,1,1,文科,本科批,公共事业管理,735,538,10287,普通类,海南
2017,南京理工大学,0,1,1,理科,本科批,工商管理类,723,1179,10288,普通类,海南
2017,南京理工大学,0,1,1,理科,本科批,计算机类,712,1495,10288,普通类,海南
2017,南京理工大学,0,1,1,理科,本科批,机械类,711,1529,10288,普通类,海南
2017,南京理工大学,0,1,1,理科,本科批,经济学类,706,1699,10288,普通类,海南
2017,南京理工大学,0,1,1,理科,本科批,材料类,702,1841,10288,普通类,海南
2017,南京理工大学,0,1,1,理科,本科批,兵器类,694,2179,10288,普通类,海南
2017,南京理工大学,0,1,1,理科,本科批,辐射防护与核安全,693,2221,10288,普通类,海南
2017,南京理工大学,0,1,1,理科,本科批,化工与制药类,693,2221,10288,普通类,海南
2017,中国矿业大学,0,1,1,理科,本科批,土木类,696,2092,10290,普通类,海南
2017,中国矿业大学,0,1,1,理科,本科批,电气类,694,2179,10290,普通类,海南
2017,中国矿业大学,0,1,1,理科,本科批,建筑类,692,2263,10290,普通类,海南
2017,中国矿业大学,0,1,1,理科,本科批,工商管理类,691,2302,10290,普通类,海南
2017,中国矿业大学,0,1,1,理科,本科批,安全科学与工程类,688,2429,10290,普通类,海南
2017,中国矿业大学,0,1,1,理科,本科批,经济与贸易类,688,2429,10290,普通类,海南
2017,中国矿业大学,0,1,1,理科,本科批,计算机类,684,2619,10290,普通类,海南
2017,中国矿业大学,0,1,1,理科,本科批,力学类,683,2677,10290,普通类,海南
2017,中国矿业大学,0,1,1,理科,本科批,电子信息类,681,2763,10290,普通类,海南
2017,中国矿业大学,0,1,1,理科,本科批,化工与制药类,679,2867,10290,普通类,海南
2017,中国矿业大学,0,1,1,理科,本科批,测绘类,677,2982,10290,普通类,海南
2017,中国矿业大学,0,1,1,理科,本科批,地质类,674,3167,10290,普通类,海南
2017,中国矿业大学,0,1,1,理科,本科批,机械类（机械工程、测控技术与仪器）机械工程,672,3284,10290,普通类,海南
2017,中国矿业大学,0,1,1,理科,本科批,材料类,671,3356,10290,普通类,海南
2017,中国矿业大学,0,1,1,文科,本科批,公共管理类,726,673,10290,普通类,海南
2017,中国矿业大学,0,1,1,文科,本科批,外国语言文学类,721,754,10290,普通类,海南
2017,南京邮电大学,0,0,1,理科,本科批,通信工程,706,1699,10293,普通类,海南
2017,南京邮电大学,0,0,1,理科,本科批,电磁场与无线技术,704,1769,10293,普通类,海南
2017,南京邮电大学,0,0,1,理科,本科批,计算机科学与技术,701,1884,10293,普通类,海南
2017,南京邮电大学,0,0,1,理科,本科批,信息安全,699,1970,10293,普通类,海南
2017,南京邮电大学,0,0,1,理科,本科批,材料物理,699,1970,10293,普通类,海南
2017,南京邮电大学,0,0,1,理科,本科批,软件工程（嵌入式培养）,694,2179,10293,普通类,海南
2017,南京邮电大学,0,0,1,理科,本科批,地理信息科学,692,2263,10293,普通类,海南
2017,南京邮电大学,0,0,1,理科,本科批,数字媒体技术,692,2263,10293,普通类,海南
2017,南京邮电大学,0,0,1,理科,本科批,电子科学与技术,692,2263,10293,普通类,海南
2017,南京邮电大学,0,0,1,理科,本科批,信息与计算科学,690,2349,10293,普通类,海南
2017,南京邮电大学,0,0,1,理科,本科批,高分子材料与工程,690,2349,10293,普通类,海南
2017,南京邮电大学,0,0,1,理科,本科批,教育技术学,690,2349,10293,普通类,海南
2017,南京邮电大学,0,0,1,理科,本科批,智能电网信息工程,689,2391,10293,普通类,海南
2017,南京邮电大学,0,0,1,理科,本科批,测绘工程,687,2479,10293,普通类,海南
2017,南京邮电大学,0,0,1,理科,本科批,电子商务,686,2523,10293,普通类,海南
2017,南京邮电大学,0,0,1,理科,本科批,财务管理,685,2571,10293,普通类,海南
2017,南京邮电大学,0,0,1,理科,本科批,市场营销,684,2619,10293,普通类,海南
2017,南京邮电大学,0,0,1,理科,本科批,电气工程及其自动化,683,2677,10293,普通类,海南
2017,南京邮电大学,0,0,1,理科,本科批,网络工程,681,2763,10293,普通类,海南
2017,南京邮电大学,0,0,1,理科,本科批,信息管理与信息系统,681,2763,10293,普通类,海南
2017,南京邮电大学,0,0,1,理科,本科批,光电信息科学与工程,680,2809,10293,普通类,海南
2017,南京邮电大学,0,0,1,理科,本科批,电子信息工程,679,2867,10293,普通类,海南
2017,南京邮电大学,0,0,1,理科,本科批,生物医学工程,679,2867,10293,普通类,海南
2017,南京邮电大学,0,0,1,理科,本科批,经济统计学,679,2867,10293,普通类,海南
2017,南京邮电大学,0,0,1,理科,本科批,人文地理与城乡规划,679,2867,10293,普通类,海南
2017,南京邮电大学,0,0,1,理科,本科批,微电子科学与工程,678,2925,10293,普通类,海南
2017,南京邮电大学,0,0,1,理科,本科批,材料化学,677,2982,10293,普通类,海南
2017,南京邮电大学,0,0,1,理科,本科批,测控技术与仪器,677,2982,10293,普通类,海南
2017,南京邮电大学,0,0,1,理科,本科批,应用统计学,677,2982,10293,普通类,海南
2017,南京邮电大学,0,0,1,理科,本科批,物流管理,676,3041,10293,普通类,海南
2017,南京邮电大学,0,0,1,理科,本科批,自动化,676,3041,10293,普通类,海南
2017,南京邮电大学,0,0,1,文科,本科批,经济统计学,740,482,10293,普通类,海南
2017,南京邮电大学,0,0,1,文科,本科批,翻译,712,900,10293,普通类,海南
2017,南京邮电大学,0,0,1,文科,本科批,广告学,711,924,10293,普通类,海南
2017,南京邮电大学,0,0,1,文科,本科批,国际经济与贸易,711,924,10293,普通类,海南
2017,南京邮电大学,0,0,1,文科,本科批,行政管理,711,924,10293,普通类,海南
2017,南京邮电大学,0,0,1,文科,本科批,工商管理,709,962,10293,普通类,海南
2017,南京邮电大学,0,0,1,文科,本科批,劳动与社会保障,707,1006,10293,普通类,海南
2017,南京邮电大学,0,0,1,文科,本科批,英语,705,1041,10293,普通类,海南
2017,南京邮电大学,0,0,1,文科,本科批,公共事业管理,705,1041,10293,普通类,海南
2017,南京邮电大学,0,0,1,文科,本科批,人力资源管理,704,1060,10293,普通类,海南
2017,河海大学,0,1,1,理科,本科批,水利水电工程,718,1322,10294,普通类,海南
2017,河海大学,0,1,1,理科,本科批,港口航道与海岸工程,715,1411,10294,普通类,海南
2017,河海大学,0,1,1,理科,本科批,土木工程,712,1495,10294,普通类,海南
2017,河海大学,0,1,1,理科,本科批,水文与水资源工程,706,1699,10294,普通类,海南
2017,河海大学,0,1,1,理科,本科批,电气工程及其自动化,703,1808,10294,普通类,海南
2017,河海大学,0,1,1,理科,本科批,新能源科学与工程,702,1841,10294,普通类,海南
2017,河海大学,0,1,1,理科,本科批,通信工程,700,1918,10294,普通类,海南
2017,河海大学,0,1,1,理科,本科批,计算机科学与技术,700,1918,10294,普通类,海南
2017,河海大学,0,1,1,理科,本科批,工程管理,697,2055,10294,普通类,海南
2017,河海大学,0,1,1,理科,本科批,海洋科学,694,2179,10294,普通类,海南
2017,河海大学,0,1,1,理科,本科批,能源与动力工程,694,2179,10294,普通类,海南
2017,河海大学,0,1,1,理科,本科批,农业水利工程,693,2221,10294,普通类,海南
2017,河海大学,0,1,1,文科,本科批,劳动与社会保障,725,684,10294,普通类,海南
2017,河海大学,0,1,1,文科,本科批,英语,718,800,10294,普通类,海南
2017,江南大学,0,1,1,文科,本科批,工商管理类,731,591,10295,普通类,海南
2017,江南大学,0,1,1,文科,本科批,法学类,728,643,10295,普通类,海南
2017,南京林业大学,0,0,1,理科,本科批,工程管理,654,4469,10298,普通类,海南
2017,南京林业大学,0,0,1,理科,本科批,园林,643,5293,10298,普通类,海南
2017,南京林业大学,0,0,1,理科,本科批,软件工程（嵌入式培养）,641,5462,10298,普通类,海南
2017,南京林业大学,0,0,1,理科,本科批,农林经济管理,641,5462,10298,普通类,海南
2017,南京林业大学,0,0,1,理科,本科批,林学,640,5546,10298,普通类,海南
2017,南京林业大学,0,0,1,理科,本科批,环境工程,639,5629,10298,普通类,海南
2017,南京林业大学,0,0,1,理科,本科批,化学工程与工艺,638,5715,10298,普通类,海南
2017,南京林业大学,0,0,1,理科,本科批,机械类,634,6077,10298,普通类,海南
2017,南京林业大学,0,0,1,理科,本科批,森林保护,634,6077,10298,普通类,海南
2017,南京林业大学,0,0,1,理科,本科批,木材科学与工程（木结构建筑）,631,6352,10298,普通类,海南
2017,南京林业大学,0,0,1,理科,本科批,木材科学与工程,631,6352,10298,普通类,海南
2017,南京林业大学,0,0,1,理科,本科批,交通工程,631,6352,10298,普通类,海南
2017,南京林业大学,0,0,1,文科,本科批,英语,700,1158,10298,普通类,海南
2017,南京林业大学,0,0,1,文科,本科批,日语,697,1226,10298,普通类,海南
2017,南京林业大学,0,0,1,文科,本科批,旅游管理,695,1268,10298,普通类,海南
2017,南京信息工程大学,0,0,1,理科,本科批,大气科学,687,2479,10300,普通类,海南
2017,南京信息工程大学,0,0,1,理科,本科批,大气科学（大气环境）,681,2763,10300,普通类,海南
2017,南京信息工程大学,0,0,1,理科,本科批,大气科学（大气探测）,675,3103,10300,普通类,海南
2017,南京信息工程大学,0,0,1,理科,本科批,大气科学（大气物理）,670,3405,10300,普通类,海南
2017,南京信息工程大学,0,0,1,理科,本科批,大气科学（水文气象）,670,3405,10300,普通类,海南
2017,南京信息工程大学,0,0,1,理科,本科批,安全工程,662,3901,10300,普通类,海南
2017,南京农业大学,0,1,1,理科,本科批,食品科学与工程类,671,3356,10307,普通类,海南
2017,南京农业大学,0,1,1,理科,本科批,园林,670,3405,10307,普通类,海南
2017,南京农业大学,0,1,1,理科,本科批,种子科学与工程,668,3504,10307,普通类,海南
2017,南京农业大学,0,1,1,理科,本科批,园艺,666,3634,10307,普通类,海南
2017,南京农业大学,0,1,1,理科,本科批,植物保护,664,3768,10307,普通类,海南
2017,中国药科大学,0,1,1,理科,本科批,生物制药,705,1733,10316,普通类,海南
2017,中国药科大学,0,1,1,理科,本科批,中药学类,698,2010,10316,普通类,海南
2017,中国药科大学,0,1,1,理科,本科批,药学（基础药学理科基地）,695,2134,10316,普通类,海南
2017,中国药科大学,0,1,1,理科,本科批,药学类（生技与海药方向）,693,2221,10316,普通类,海南
2017,中国药科大学,0,1,1,理科,本科批,化工与制药类,690,2349,10316,普通类,海南
2017,中国药科大学,0,1,1,理科,本科批,临床药学,687,2479,10316,普通类,海南
2017,中国药科大学,0,1,1,理科,本科批,药学类,675,3103,10316,普通类,海南
2017,中国药科大学,0,1,1,理科,本科批,经济管理试验班（医药方向）,669,3447,10316,普通类,海南
2017,南京师范大学,0,1,1,文科,本科批,舞蹈学,238,,10319,普通类,海南
2017,浙江大学,1,1,1,理科,本科批,工科试验班（信息）,850,35,10335,普通类,海南
2017,浙江大学,1,1,1,理科,本科批,工科试验班（竺可桢学院交叉创新平台）,843,43,10335,普通类,海南
2017,浙江大学,1,1,1,理科,本科批,工科试验班（机械与能源）,840,46,10335,普通类,海南
2017,浙江大学,1,1,1,文科,本科批,社会科学试验班,833,34,10335,普通类,海南
2017,安徽大学,0,1,1,理科,本科批,计算机科学与技术,701,1884,10357,普通类,海南
2017,安徽大学,0,1,1,理科,本科批,管理科学,686,2523,10357,普通类,海南
2017,安徽大学,0,1,1,理科,本科批,电子科学与技术,685,2571,10357,普通类,海南
2017,安徽大学,0,1,1,理科,本科批,电气工程及其自动化,683,2677,10357,普通类,海南
2017,安徽大学,0,1,1,理科,本科批,应用统计学,681,2763,10357,普通类,海南
2017,安徽大学,0,1,1,理科,本科批,微电子科学与工程,675,3103,10357,普通类,海南
2017,安徽大学,0,1,1,理科,本科批,测控技术与仪器,673,3230,10357,普通类,海南
2017,安徽大学,0,1,1,理科,本科批,光电信息科学与工程,671,3356,10357,普通类,海南
2017,安徽大学,0,1,1,理科,本科批,生物工程,671,3356,10357,普通类,海南
2017,安徽大学,0,1,1,理科,本科批,材料化学,670,3405,10357,普通类,海南
2017,安徽大学,0,1,1,理科,本科批,物流管理,669,3447,10357,普通类,海南
2017,安徽大学,0,1,1,文科,本科批,会计学,739,492,10357,普通类,海南
2017,安徽大学,0,1,1,文科,本科批,财务管理,736,526,10357,普通类,海南
2017,安徽大学,0,1,1,文科,本科批,经济学,735,538,10357,普通类,海南
2017,安徽大学,0,1,1,文科,本科批,汉语国际教育,733,565,10357,普通类,海南
2017,安徽大学,0,1,1,文科,本科批,财政学,722,731,10357,普通类,海南
2017,安徽大学,0,1,1,文科,本科批,旅游管理,718,800,10357,普通类,海南
2017,安徽大学,0,1,1,文科,本科批,图书情报与档案管理类,718,800,10357,普通类,海南
2017,安徽大学,0,1,1,文科,本科批,电子商务,716,832,10357,普通类,海南
2017,安徽大学,0,1,1,文科,本科批,应用心理学,715,847,10357,普通类,海南
2017,中国科学技术大学,1,1,1,理科,本科批,理科试验班类,844,42,10358,普通类,海南
2017,中国科学技术大学,1,1,1,理科,本科批,物理学类,839,49,10358,普通类,海南
2017,中国科学技术大学,1,1,1,理科,本科批,计算机类,839,49,10358,普通类,海南
2017,中国科学技术大学,1,1,1,理科,本科批,电子信息类,831,66,10358,普通类,海南
2017,中国科学技术大学,1,1,1,理科,本科批,经济管理试验班（包含管理科学、金融学、工商管理精英班等）工科,819,92,10358,普通类,海南
2017,中国科学技术大学,1,1,1,理科,本科批,数学类,819,92,10358,普通类,海南
2017,合肥工业大学,0,1,1,理科,本科批,电气工程及其自动化,721,1232,10359,普通类,海南
2017,合肥工业大学,0,1,1,理科,本科批,机械设计制造及其自动化,697,2055,10359,普通类,海南
2017,合肥工业大学,0,1,1,理科,本科批,自动化,696,2092,10359,普通类,海南
2017,合肥工业大学,0,1,1,理科,本科批,车辆工程,696,2092,10359,普通类,海南
2017,合肥工业大学,0,1,1,理科,本科批,电子科学与技术,688,2429,10359,普通类,海南
2017,合肥工业大学,0,1,1,理科,本科批,通信工程,688,2429,10359,普通类,海南
2017,合肥工业大学,0,1,1,理科,本科批,电子商务,687,2479,10359,普通类,海南
2017,合肥工业大学,0,1,1,理科,本科批,国际经济与贸易（国际金融与投资）,684,2619,10359,普通类,海南
2017,合肥工业大学,0,1,1,理科,本科批,交通运输,682,2725,10359,普通类,海南
2017,合肥工业大学,0,1,1,理科,本科批,建筑学,682,2725,10359,普通类,海南
2017,合肥工业大学,0,1,1,理科,本科批,信息安全,679,2867,10359,普通类,海南
2017,合肥工业大学,0,1,1,理科,本科批,工业工程,678,2925,10359,普通类,海南
2017,合肥工业大学,0,1,1,理科,本科批,金属材料工程,677,2982,10359,普通类,海南
2017,合肥工业大学,0,1,1,理科,本科批,集成电路设计与集成系统,676,3041,10359,普通类,海南
2017,合肥工业大学,0,1,1,理科,本科批,应用化学,676,3041,10359,普通类,海南
2017,合肥工业大学,0,1,1,理科,本科批,测控技术与仪器,676,3041,10359,普通类,海南
2017,合肥工业大学,0,1,1,理科,本科批,无机非金属材料工程,675,3103,10359,普通类,海南
2017,合肥工业大学,0,1,1,理科,本科批,地质学,675,3103,10359,普通类,海南
2017,合肥工业大学,0,1,1,理科,本科批,土木工程,673,3230,10359,普通类,海南
2017,合肥工业大学,0,1,1,理科,本科批,统计学,673,3230,10359,普通类,海南
2017,合肥工业大学,0,1,1,理科,本科批,食品质量与安全,672,3284,10359,普通类,海南
2017,合肥工业大学,0,1,1,理科,本科批,药学,671,3356,10359,普通类,海南
2017,合肥工业大学,0,1,1,理科,本科批,测绘工程,671,3356,10359,普通类,海南
2017,厦门大学,1,1,1,理科,本科批,会计学,811,118,10384,普通类,海南
2017,厦门大学,1,1,1,理科,本科批,经济学类,798,173,10384,普通类,海南
2017,厦门大学,1,1,1,理科,本科批,工商管理类,794,190,10384,普通类,海南
2017,厦门大学,1,1,1,理科,本科批,计算机类,790,217,10384,普通类,海南
2017,厦门大学,1,1,1,理科,本科批,电子信息类,780,289,10384,普通类,海南
2017,厦门大学,1,1,1,理科,本科批,数学类,779,300,10384,普通类,海南
2017,厦门大学,1,1,1,理科,本科批,环境科学与工程类,774,337,10384,普通类,海南
2017,厦门大学,1,1,1,理科,本科批,公共管理类,774,337,10384,普通类,海南
2017,厦门大学,1,1,1,理科,本科批,航空航天类,768,398,10384,普通类,海南
2017,厦门大学,1,1,1,理科,本科批,软件工程,767,413,10384,普通类,海南
2017,厦门大学,1,1,1,理科,本科批,化学类,767,413,10384,普通类,海南
2017,厦门大学,1,1,1,理科,本科批,物理学类,764,439,10384,普通类,海南
2017,厦门大学,1,1,1,理科,本科批,海洋科学类,763,454,10384,普通类,海南
2017,厦门大学,1,1,1,理科,本科批,生物科学类,763,454,10384,普通类,海南
2017,厦门大学,1,1,1,理科,本科批,人文科学试验班,763,454,10384,普通类,海南
2017,厦门大学,1,1,1,理科,本科批,金融学马来西亚分校,649,4808,10384,普通类,海南
2017,厦门大学,1,1,1,理科,本科批,计算机科学与技术马来西亚分校,631,6352,10384,普通类,海南
2017,厦门大学,1,1,1,理科,本科批,电子信息工程马来西亚分校,590,10729,10384,普通类,海南
2017,厦门大学,1,1,1,文科,本科批,会计学,826,43,10384,普通类,海南
2017,厦门大学,1,1,1,文科,本科批,工商管理类,817,58,10384,普通类,海南
2017,厦门大学,1,1,1,文科,本科批,经济学类,812,67,10384,普通类,海南
2017,厦门大学,1,1,1,文科,本科批,新闻传播学类,810,71,10384,普通类,海南
2017,厦门大学,1,1,1,文科,本科批,法学类,799,100,10384,普通类,海南
2017,厦门大学,1,1,1,文科,本科批,英语,796,110,10384,普通类,海南
2017,厦门大学,1,1,1,文科,本科批,人文科学试验班,795,112,10384,普通类,海南
2017,厦门大学,1,1,1,文科,本科批,法语,794,115,10384,普通类,海南
2017,厦门大学,1,1,1,文科,本科批,公共管理类,791,125,10384,普通类,海南
2017,厦门大学,1,1,1,文科,本科批,新闻学（厦门大学马来西亚分校招生专业）,660,2368,10384,普通类,海南
2017,福州大学,0,1,1,理科,本科批,土木工程,711,1529,10386,普通类,海南
2017,福州大学,0,1,1,理科,本科批,自动化,694,2179,10386,普通类,海南
2017,福州大学,0,1,1,理科,本科批,车辆工程,691,2302,10386,普通类,海南
2017,福州大学,0,1,1,理科,本科批,材料科学与工程,690,2349,10386,普通类,海南
2017,福州大学,0,1,1,理科,本科批,过程装备与控制工程,689,2391,10386,普通类,海南
2017,福州大学,0,1,1,文科,本科批,法学,743,451,10386,普通类,海南
2017,福州大学,0,1,1,文科,本科批,会计学,740,482,10386,普通类,海南
2017,南昌大学,0,1,1,理科,本科批,工商管理类,699,1970,10403,普通类,海南
2017,南昌大学,0,1,1,理科,本科批,电气工程及其自动化,689,2391,10403,普通类,海南
2017,南昌大学,0,1,1,理科,本科批,计算机类,685,2571,10403,普通类,海南
2017,南昌大学,0,1,1,理科,本科批,药学,684,2619,10403,普通类,海南
2017,南昌大学,0,1,1,理科,本科批,工程管理,683,2677,10403,普通类,海南
2017,南昌大学,0,1,1,理科,本科批,电子信息类,683,2677,10403,普通类,海南
2017,南昌大学,0,1,1,理科,本科批,土木类,677,2982,10403,普通类,海南
2017,南昌大学,0,1,1,理科,本科批,材料成型及控制工程,676,3041,10403,普通类,海南
2017,南昌大学,0,1,1,理科,本科批,医学影像学,674,3167,10403,普通类,海南
2017,南昌大学,0,1,1,理科,本科批,医学检验技术,673,3230,10403,普通类,海南
2017,南昌大学,0,1,1,理科,本科批,生物科学类,669,3447,10403,普通类,海南
2017,南昌大学,0,1,1,理科,本科批,机械类,667,3577,10403,普通类,海南
2017,南昌大学,0,1,1,理科,本科批,软件工程,664,3768,10403,普通类,海南
2017,南昌大学,0,1,1,理科,本科批,环境工程,664,3768,10403,普通类,海南
2017,南昌大学,0,1,1,理科,本科批,护理学,664,3768,10403,普通类,海南
2017,南昌大学,0,1,1,理科,本科批,食品科学与工程类,663,3834,10403,普通类,海南
2017,南昌大学,0,1,1,理科,本科批,临床医学,662,3901,10403,普通类,海南
2017,南昌大学,0,1,1,理科,本科批,临床医学类（中英双学位合作办学）,662,3901,10403,普通类,海南
2017,南昌大学,0,1,1,理科,本科批,化学类,661,3976,10403,普通类,海南
2017,南昌大学,0,1,1,理科,本科批,工业设计,660,4050,10403,普通类,海南
2017,南昌大学,0,1,1,理科,本科批,材料类,660,4050,10403,普通类,海南
2017,南昌大学,0,1,1,文科,本科批,中国语言文学类,740,482,10403,普通类,海南
2017,南昌大学,0,1,1,文科,本科批,翻译,731,591,10403,普通类,海南
2017,南昌大学,0,1,1,文科,本科批,工商管理类,729,622,10403,普通类,海南
2017,南昌大学,0,1,1,文科,本科批,法学类,728,643,10403,普通类,海南
2017,南昌大学,0,1,1,文科,本科批,新闻学,722,731,10403,普通类,海南
2017,南昌大学,0,1,1,文科,本科批,广播电视学,721,754,10403,普通类,海南
2017,南昌大学,0,1,1,文科,本科批,旅游管理,720,768,10403,普通类,海南
2017,南昌大学,0,1,1,文科,本科批,劳动与社会保障,719,783,10403,普通类,海南
2017,南昌大学,0,1,1,文科,本科批,日语,718,800,10403,普通类,海南
2017,山东大学,1,1,1,理科,本科批,经济学类,725,1124,10422,普通类,海南
2017,山东大学,1,1,1,理科,本科批,工商管理类,723,1179,10422,普通类,海南
2017,山东大学,1,1,1,理科,本科批,电子信息类,723,1179,10422,普通类,海南
2017,山东大学,1,1,1,理科,本科批,计算机科学与技术,720,1259,10422,普通类,海南
2017,山东大学,1,1,1,理科,本科批,能源动力类,719,1291,10422,普通类,海南
2017,山东大学,1,1,1,理科,本科批,临床医学,718,1322,10422,普通类,海南
2017,山东大学,1,1,1,理科,本科批,土木类,717,1346,10422,普通类,海南
2017,山东大学,1,1,1,理科,本科批,自动化类,711,1529,10422,普通类,海南
2017,山东大学,1,1,1,理科,本科批,生物科学类,710,1560,10422,普通类,海南
2017,山东大学,1,1,1,理科,本科批,环境科学与工程类,710,1560,10422,普通类,海南
2017,山东大学,1,1,1,理科,本科批,材料类,710,1560,10422,普通类,海南
2017,山东大学,1,1,1,理科,本科批,药学类,709,1594,10422,普通类,海南
2017,山东大学,1,1,1,文科,本科批,经济学类,769,230,10422,普通类,海南
2017,山东大学,1,1,1,文科,本科批,工商管理类,764,265,10422,普通类,海南
2017,山东大学,1,1,1,文科,本科批,旅游管理类,749,386,10422,普通类,海南
2017,山东大学,1,1,1,文科,本科批,文化产业管理,746,414,10422,普通类,海南
2017,山东大学,1,1,1,文科,本科批,中国语言文学类,745,423,10422,普通类,海南
2017,山东大学,1,1,1,文科,本科批,日语,743,451,10422,普通类,海南
2017,山东大学,1,1,1,文科,本科批,政治学类,743,451,10422,普通类,海南
2017,中国海洋大学,1,1,1,理科,本科批,海洋科学,710,1560,10423,普通类,海南
2017,中国海洋大学,1,1,1,理科,本科批,港口航道与海岸工程,708,1632,10423,普通类,海南
2017,中国海洋大学,1,1,1,理科,本科批,经济学,705,1733,10423,普通类,海南
2017,中国海洋大学,1,1,1,理科,本科批,环境科学,704,1769,10423,普通类,海南
2017,中国海洋大学,1,1,1,理科,本科批,计算机科学与技术,703,1808,10423,普通类,海南
2017,中国海洋大学,1,1,1,理科,本科批,土木工程,702,1841,10423,普通类,海南
2017,中国海洋大学,1,1,1,理科,本科批,生物技术,701,1884,10423,普通类,海南
2017,中国海洋大学,1,1,1,理科,本科批,生态学,700,1918,10423,普通类,海南
2017,中国海洋大学,1,1,1,理科,本科批,地球信息科学与技术,699,1970,10423,普通类,海南
2017,中国海洋大学,1,1,1,理科,本科批,数学类,698,2010,10423,普通类,海南
2017,中国海洋大学,1,1,1,理科,本科批,食品科学与工程类,698,2010,10423,普通类,海南
2017,中国海洋大学,1,1,1,理科,本科批,海洋资源与环境,697,2055,10423,普通类,海南
2017,中国海洋大学,1,1,1,理科,本科批,生物科学,696,2092,10423,普通类,海南
2017,中国海洋大学,1,1,1,理科,本科批,海洋渔业科学与技术,695,2134,10423,普通类,海南
2017,中国海洋大学,1,1,1,理科,本科批,化学,695,2134,10423,普通类,海南
2017,中国海洋大学,1,1,1,理科,本科批,海洋技术,694,2179,10423,普通类,海南
2017,中国海洋大学,1,1,1,理科,本科批,大气科学,694,2179,10423,普通类,海南
2017,中国海洋大学,1,1,1,理科,本科批,水产养殖学,692,2263,10423,普通类,海南
2017,中国海洋大学,1,1,1,理科,本科批,地质学,692,2263,10423,普通类,海南
2017,中国海洋大学,1,1,1,理科,本科批,轮机工程,692,2263,10423,普通类,海南
2017,中国海洋大学,1,1,1,文科,本科批,汉语言文学,743,451,10423,普通类,海南
2017,中国海洋大学,1,1,1,文科,本科批,法学,740,482,10423,普通类,海南
2017,中国海洋大学,1,1,1,文科,本科批,旅游管理,736,526,10423,普通类,海南
2017,中国石油大学（华东）,0,1,1,理科,本科批,财务管理,676,3041,10425,普通类,海南
2017,中国石油大学（华东）,0,1,1,理科,本科批,电气工程及其自动化,663,3834,10425,普通类,海南
2017,中国石油大学（华东）,0,1,1,理科,本科批,机械设计制造及其自动化,659,4114,10425,普通类,海南
2017,中国石油大学（华东）,0,1,1,理科,本科批,计算机科学与技术,658,4186,10425,普通类,海南
2017,中国石油大学（华东）,0,1,1,理科,本科批,油气储运工程,657,4250,10425,普通类,海南
2017,中国石油大学（华东）,0,1,1,理科,本科批,石油工程,656,4319,10425,普通类,海南
2017,中国石油大学（华东）,0,1,1,理科,本科批,建筑环境与能源应用工程,652,4611,10425,普通类,海南
2017,中国石油大学（华东）,0,1,1,理科,本科批,材料化学,651,4663,10425,普通类,海南
2017,中国石油大学（华东）,0,1,1,理科,本科批,安全工程,650,4732,10425,普通类,海南
2017,中国石油大学（华东）,0,1,1,理科,本科批,材料科学与工程,649,4808,10425,普通类,海南
2017,中国石油大学（华东）,0,1,1,理科,本科批,物联网工程,649,4808,10425,普通类,海南
2017,中国石油大学（华东）,0,1,1,理科,本科批,能源与动力工程,648,4893,10425,普通类,海南
2017,中国石油大学（华东）,0,1,1,理科,本科批,资源勘查工程,647,4967,10425,普通类,海南
2017,中国石油大学（华东）,0,1,1,理科,本科批,车辆工程,647,4967,10425,普通类,海南
2017,中国石油大学（华东）,0,1,1,理科,本科批,化学工程与工艺,645,5138,10425,普通类,海南
2017,中国石油大学（华东）,0,1,1,理科,本科批,信息与计算科学,645,5138,10425,普通类,海南
2017,郑州大学,0,1,1,理科,本科批,临床医学,709,1594,10459,普通类,海南
2017,郑州大学,0,1,1,理科,本科批,口腔医学,698,2010,10459,普通类,海南
2017,郑州大学,0,1,1,理科,本科批,法学,697,2055,10459,普通类,海南
2017,郑州大学,0,1,1,理科,本科批,电气工程及其自动化,696,2092,10459,普通类,海南
2017,郑州大学,0,1,1,理科,本科批,计算机类,694,2179,10459,普通类,海南
2017,郑州大学,0,1,1,理科,本科批,土木类,693,2221,10459,普通类,海南
2017,郑州大学,0,1,1,理科,本科批,工商管理,693,2221,10459,普通类,海南
2017,郑州大学,0,1,1,理科,本科批,麻醉学,692,2263,10459,普通类,海南
2017,郑州大学,0,1,1,理科,本科批,机械工程,691,2302,10459,普通类,海南
2017,郑州大学,0,1,1,理科,本科批,物理学类,690,2349,10459,普通类,海南
2017,郑州大学,0,1,1,理科,本科批,统计学,688,2429,10459,普通类,海南
2017,郑州大学,0,1,1,理科,本科批,国际经济与贸易,687,2479,10459,普通类,海南
2017,郑州大学,0,1,1,理科,本科批,信息管理与信息系统,687,2479,10459,普通类,海南
2017,郑州大学,0,1,1,理科,本科批,数学与应用数学,686,2523,10459,普通类,海南
2017,郑州大学,0,1,1,理科,本科批,生物工程,685,2571,10459,普通类,海南
2017,郑州大学,0,1,1,理科,本科批,医学检验技术,685,2571,10459,普通类,海南
2017,郑州大学,0,1,1,理科,本科批,网络与新媒体,684,2619,10459,普通类,海南
2017,郑州大学,0,1,1,理科,本科批,医学影像学,684,2619,10459,普通类,海南
2017,郑州大学,0,1,1,理科,本科批,电子商务,684,2619,10459,普通类,海南
2017,郑州大学,0,1,1,理科,本科批,英语,683,2677,10459,普通类,海南
2017,郑州大学,0,1,1,理科,本科批,风景园林,683,2677,10459,普通类,海南
2017,郑州大学,0,1,1,理科,本科批,应用心理学,682,2725,10459,普通类,海南
2017,郑州大学,0,1,1,理科,本科批,药学类,680,2809,10459,普通类,海南
2017,郑州大学,0,1,1,理科,本科批,物流管理,680,2809,10459,普通类,海南
2017,郑州大学,0,1,1,理科,本科批,工业设计,677,2982,10459,普通类,海南
2017,郑州大学,0,1,1,理科,本科批,预防医学,677,2982,10459,普通类,海南
2017,郑州大学,0,1,1,理科,本科批,材料类,675,3103,10459,普通类,海南
2017,郑州大学,0,1,1,理科,本科批,旅游管理类,675,3103,10459,普通类,海南
2017,郑州大学,0,1,1,理科,本科批,能源与动力工程,674,3167,10459,普通类,海南
2017,郑州大学,0,1,1,理科,本科批,化学类,673,3230,10459,普通类,海南
2017,郑州大学,0,1,1,理科,本科批,工程管理,673,3230,10459,普通类,海南
2017,郑州大学,0,1,1,理科,本科批,生物科学类,673,3230,10459,普通类,海南
2017,郑州大学,0,1,1,理科,本科批,工业工程,672,3284,10459,普通类,海南
2017,郑州大学,0,1,1,理科,本科批,环境工程,671,3356,10459,普通类,海南
2017,郑州大学,0,1,1,理科,本科批,工程力学,671,3356,10459,普通类,海南
2017,郑州大学,0,1,1,理科,本科批,测控技术与仪器,670,3405,10459,普通类,海南
2017,郑州大学,0,1,1,理科,本科批,安全工程,670,3405,10459,普通类,海南
2017,郑州大学,0,1,1,文科,本科批,法学,735,538,10459,普通类,海南
2017,郑州大学,0,1,1,文科,本科批,会计学,735,538,10459,普通类,海南
2017,郑州大学,0,1,1,文科,本科批,金融学,730,604,10459,普通类,海南
2017,郑州大学,0,1,1,文科,本科批,应用心理学,728,643,10459,普通类,海南
2017,郑州大学,0,1,1,文科,本科批,新闻学,727,658,10459,普通类,海南
2017,郑州大学,0,1,1,文科,本科批,人力资源管理,726,673,10459,普通类,海南
2017,郑州大学,0,1,1,文科,本科批,行政管理,723,717,10459,普通类,海南
2017,郑州大学,0,1,1,文科,本科批,英语,719,783,10459,普通类,海南
2017,郑州大学,0,1,1,文科,本科批,广告学,717,810,10459,普通类,海南
2017,郑州大学,0,1,1,文科,本科批,旅游管理类,716,832,10459,普通类,海南
2017,河南大学,0,0,1,理科,本科批,口腔医学,652,4611,10475,普通类,海南
2017,河南大学,0,0,1,理科,本科批,国际经济与贸易,645,5138,10475,普通类,海南
2017,河南大学,0,0,1,理科,本科批,建筑学,640,5546,10475,普通类,海南
2017,河南大学,0,0,1,理科,本科批,电子信息类,635,5991,10475,普通类,海南
2017,河南大学,0,0,1,理科,本科批,药学类,635,5991,10475,普通类,海南
2017,河南大学,0,0,1,理科,本科批,计算机类,635,5991,10475,普通类,海南
2017,河南大学,0,0,1,理科,本科批,自动化,631,6352,10475,普通类,海南
2017,河南大学,0,0,1,理科,本科批,化学,629,6534,10475,普通类,海南
2017,河南大学,0,0,1,理科,本科批,物理学,628,6634,10475,普通类,海南
2017,河南大学,0,0,1,理科,本科批,地理科学类,627,6721,10475,普通类,海南
2017,河南大学,0,0,1,文科,本科批,历史学类,692,1348,10475,普通类,海南
2017,河南大学,0,0,1,文科,本科批,中国语言文学类,691,1373,10475,普通类,海南
2017,河南大学,0,0,1,文科,本科批,旅游管理,686,1513,10475,普通类,海南
2017,河南大学,0,0,1,文科,本科批,国际经济与贸易,685,1542,10475,普通类,海南
2017,河南大学,0,0,1,文科,本科批,法学,683,1597,10475,普通类,海南
2017,河南大学,0,0,1,文科,本科批,新闻传播学类,682,1626,10475,普通类,海南
2017,武汉大学,1,1,1,理科,本科批,计算机类,806,135,10486,普通类,海南
2017,武汉大学,1,1,1,理科,本科批,软件工程,800,163,10486,普通类,海南
2017,武汉大学,1,1,1,理科,本科批,经济学类,799,169,10486,普通类,海南
2017,武汉大学,1,1,1,理科,本科批,遥感科学与技术,792,202,10486,普通类,海南
2017,武汉大学,1,1,1,理科,本科批,临床医学,790,217,10486,普通类,海南
2017,武汉大学,1,1,1,理科,本科批,测绘类,788,232,10486,普通类,海南
2017,武汉大学,1,1,1,理科,本科批,电子信息类,784,250,10486,普通类,海南
2017,武汉大学,1,1,1,理科,本科批,能源动力类,782,272,10486,普通类,海南
2017,武汉大学,1,1,1,理科,本科批,物理学类,780,289,10486,普通类,海南
2017,武汉大学,1,1,1,理科,本科批,水利类,777,316,10486,普通类,海南
2017,武汉大学,1,1,1,理科,本科批,地理科学类,776,321,10486,普通类,海南
2017,武汉大学,1,1,1,理科,本科批,土木类,776,321,10486,普通类,海南
2017,武汉大学,1,1,1,理科,本科批,生物科学类,775,328,10486,普通类,海南
2017,武汉大学,1,1,1,理科,本科批,化学类,773,347,10486,普通类,海南
2017,武汉大学,1,1,1,文科,本科批,经济学类,821,49,10486,普通类,海南
2017,武汉大学,1,1,1,文科,本科批,法学,820,51,10486,普通类,海南
2017,武汉大学,1,1,1,文科,本科批,新闻传播学类,817,58,10486,普通类,海南
2017,武汉大学,1,1,1,文科,本科批,人文科学试验班,812,67,10486,普通类,海南
2017,华中科技大学,1,1,1,理科,本科批,计算机类,799,169,10487,普通类,海南
2017,华中科技大学,1,1,1,理科,本科批,电气工程及其自动化,788,232,10487,普通类,海南
2017,华中科技大学,1,1,1,理科,本科批,电子信息工程,782,272,10487,普通类,海南
2017,华中科技大学,1,1,1,理科,本科批,软件工程,782,272,10487,普通类,海南
2017,华中科技大学,1,1,1,理科,本科批,机械类,780,289,10487,普通类,海南
2017,华中科技大学,1,1,1,理科,本科批,临床医学,771,373,10487,普通类,海南
2017,华中科技大学,1,1,1,理科,本科批,电子信息类,771,373,10487,普通类,海南
2017,华中科技大学,1,1,1,理科,本科批,金融学,768,398,10487,普通类,海南
2017,华中科技大学,1,1,1,理科,本科批,城乡规划,764,439,10487,普通类,海南
2017,华中科技大学,1,1,1,理科,本科批,能源动力类,764,439,10487,普通类,海南
2017,华中科技大学,1,1,1,理科,本科批,材料成型及控制工程,763,454,10487,普通类,海南
2017,华中科技大学,1,1,1,理科,本科批,数学类,759,495,10487,普通类,海南
2017,华中科技大学,1,1,1,理科,本科批,医学检验技术,759,495,10487,普通类,海南
2017,华中科技大学,1,1,1,理科,本科批,物理学类,758,509,10487,普通类,海南
2017,华中科技大学,1,1,1,理科,本科批,化学类,758,509,10487,普通类,海南
2017,华中科技大学,1,1,1,文科,本科批,国际商务,775,199,10487,普通类,海南
2017,华中科技大学,1,1,1,文科,本科批,社会学类,750,377,10487,普通类,海南
2017,华中科技大学,1,1,1,文科,本科批,市场营销,748,397,10487,普通类,海南
2017,中国地质大学（武汉）,0,1,1,理科,本科批,数学与应用数学,704,1769,10491,普通类,海南
2017,中国地质大学（武汉）,0,1,1,理科,本科批,经济学,702,1841,10491,普通类,海南
2017,中国地质大学（武汉）,0,1,1,理科,本科批,软件工程,697,2055,10491,普通类,海南
2017,中国地质大学（武汉）,0,1,1,理科,本科批,市场营销,695,2134,10491,普通类,海南
2017,中国地质大学（武汉）,0,1,1,理科,本科批,地理空间信息工程,695,2134,10491,普通类,海南
2017,中国地质大学（武汉）,0,1,1,理科,本科批,地质学类,694,2179,10491,普通类,海南
2017,中国地质大学（武汉）,0,1,1,理科,本科批,土木工程,691,2302,10491,普通类,海南
2017,中国地质大学（武汉）,0,1,1,理科,本科批,公共事业管理,689,2391,10491,普通类,海南
2017,中国地质大学（武汉）,0,1,1,理科,本科批,电子信息工程,688,2429,10491,普通类,海南
2017,中国地质大学（武汉）,0,1,1,理科,本科批,机械设计制造及其自动化,688,2429,10491,普通类,海南
2017,中国地质大学（武汉）,0,1,1,理科,本科批,网络工程,686,2523,10491,普通类,海南
2017,中国地质大学（武汉）,0,1,1,理科,本科批,信息与计算科学,685,2571,10491,普通类,海南
2017,中国地质大学（武汉）,0,1,1,理科,本科批,土地资源管理,684,2619,10491,普通类,海南
2017,中国地质大学（武汉）,0,1,1,理科,本科批,测绘工程,683,2677,10491,普通类,海南
2017,中国地质大学（武汉）,0,1,1,理科,本科批,环境工程（菁英班）,682,2725,10491,普通类,海南
2017,中国地质大学（武汉）,0,1,1,理科,本科批,遥感科学与技术,681,2763,10491,普通类,海南
2017,中国地质大学（武汉）,0,1,1,理科,本科批,通信工程,680,2809,10491,普通类,海南
2017,中国地质大学（武汉）,0,1,1,理科,本科批,地理信息科学,679,2867,10491,普通类,海南
2017,中国地质大学（武汉）,0,1,1,理科,本科批,旅游管理,678,2925,10491,普通类,海南
2017,中国地质大学（武汉）,0,1,1,理科,本科批,地质工程,678,2925,10491,普通类,海南
2017,中国地质大学（武汉）,0,1,1,理科,本科批,宝石及材料工艺学,675,3103,10491,普通类,海南
2017,中国地质大学（武汉）,0,1,1,理科,本科批,物理学,674,3167,10491,普通类,海南
2017,中国地质大学（武汉）,0,1,1,理科,本科批,海洋科学（菁英班）,674,3167,10491,普通类,海南
2017,中国地质大学（武汉）,0,1,1,理科,本科批,工程管理,674,3167,10491,普通类,海南
2017,中国地质大学（武汉）,0,1,1,理科,本科批,广播电视学,673,3230,10491,普通类,海南
2017,中国地质大学（武汉）,0,1,1,理科,本科批,勘查技术与工程（勘查地球物理方向）,673,3230,10491,普通类,海南
2017,中国地质大学（武汉）,0,1,1,理科,本科批,空间信息与数字技术,673,3230,10491,普通类,海南
2017,中国地质大学（武汉）,0,1,1,理科,本科批,石油工程,671,3356,10491,普通类,海南
2017,中国地质大学（武汉）,0,1,1,文科,本科批,旅游管理,744,433,10491,普通类,海南
2017,中国地质大学（武汉）,0,1,1,文科,本科批,经济学,738,503,10491,普通类,海南
2017,中国地质大学（武汉）,0,1,1,文科,本科批,工商管理（双语教学班）,737,515,10491,普通类,海南
2017,中国地质大学（武汉）,0,1,1,文科,本科批,法学,736,526,10491,普通类,海南
2017,中国地质大学（武汉）,0,1,1,文科,本科批,行政管理,733,565,10491,普通类,海南
2017,武汉理工大学,0,1,1,理科,本科批,建筑类,737,859,10497,普通类,海南
2017,武汉理工大学,0,1,1,理科,本科批,电气工程及其自动化,718,1322,10497,普通类,海南
2017,武汉理工大学,0,1,1,理科,本科批,电子信息类（工学）,718,1322,10497,普通类,海南
2017,武汉理工大学,0,1,1,理科,本科批,计算机类,717,1346,10497,普通类,海南
2017,武汉理工大学,0,1,1,理科,本科批,化学工程与工艺,717,1346,10497,普通类,海南
2017,武汉理工大学,0,1,1,理科,本科批,机械设计制造及其自动化,716,1380,10497,普通类,海南
2017,武汉理工大学,0,1,1,理科,本科批,经济学,716,1380,10497,普通类,海南
2017,武汉理工大学,0,1,1,理科,本科批,土木类,712,1495,10497,普通类,海南
2017,武汉理工大学,0,1,1,理科,本科批,电子商务,711,1529,10497,普通类,海南
2017,武汉理工大学,0,1,1,理科,本科批,数学类,710,1560,10497,普通类,海南
2017,武汉理工大学,0,1,1,理科,本科批,工商管理类,708,1632,10497,普通类,海南
2017,武汉理工大学,0,1,1,理科,本科批,电子信息类（理学）,708,1632,10497,普通类,海南
2017,武汉理工大学,0,1,1,理科,本科批,自动化,706,1699,10497,普通类,海南
2017,武汉理工大学,0,1,1,理科,本科批,测控技术与仪器,705,1733,10497,普通类,海南
2017,武汉理工大学,0,1,1,理科,本科批,机械类（车辆）,704,1769,10497,普通类,海南
2017,武汉理工大学,0,1,1,理科,本科批,交通运输类,704,1769,10497,普通类,海南
2017,武汉理工大学,0,1,1,理科,本科批,机械类（机电工程）,703,1808,10497,普通类,海南
2017,武汉理工大学,0,1,1,理科,本科批,能源与动力工程,703,1808,10497,普通类,海南
2017,武汉理工大学,0,1,1,理科,本科批,材料类,702,1841,10497,普通类,海南
2017,武汉理工大学,0,1,1,理科,本科批,信息管理与信息系统,701,1884,10497,普通类,海南
2017,武汉理工大学,0,1,1,理科,本科批,材料成型及控制工程,701,1884,10497,普通类,海南
2017,武汉理工大学,0,1,1,理科,本科批,地理科学类,699,1970,10497,普通类,海南
2017,武汉理工大学,0,1,1,理科,本科批,物流管理与工程类,698,2010,10497,普通类,海南
2017,武汉理工大学,0,1,1,理科,本科批,海洋工程类（船舶与海洋）,698,2010,10497,普通类,海南
2017,武汉理工大学,0,1,1,理科,本科批,矿业类（安全与资源）,698,2010,10497,普通类,海南
2017,武汉理工大学,0,1,1,理科,本科批,海事管理,698,2010,10497,普通类,海南
2017,武汉理工大学,0,1,1,理科,本科批,制药工程,697,2055,10497,普通类,海南
2017,武汉理工大学,0,1,1,文科,本科批,外国语言文学类,738,503,10497,普通类,海南
2017,武汉理工大学,0,1,1,文科,本科批,工商管理类,736,526,10497,普通类,海南
2017,武汉理工大学,0,1,1,文科,本科批,社会学类（政治与社会）,730,604,10497,普通类,海南
2017,武汉理工大学,0,1,1,文科,本科批,法学,728,643,10497,普通类,海南
2017,武汉理工大学,0,1,1,文科,本科批,金融学,724,702,10497,普通类,海南
2017,华中农业大学,0,1,1,理科,本科批,动物医学,702,1841,10504,普通类,海南
2017,华中农业大学,0,1,1,理科,本科批,经济学类,688,2429,10504,普通类,海南
2017,华中农业大学,0,1,1,理科,本科批,工商管理类,687,2479,10504,普通类,海南
2017,华中农业大学,0,1,1,理科,本科批,植物生产类,673,3230,10504,普通类,海南
2017,华中农业大学,0,1,1,理科,本科批,动物科学,672,3284,10504,普通类,海南
2017,华中农业大学,0,1,1,理科,本科批,水产类,671,3356,10504,普通类,海南
2017,华中农业大学,0,1,1,理科,本科批,管理科学与工程类,668,3504,10504,普通类,海南
2017,华中农业大学,0,1,1,理科,本科批,机械类,659,4114,10504,普通类,海南
2017,华中师范大学,0,1,1,理科,本科批,心理学类,738,843,10511,普通类,海南
2017,华中师范大学,0,1,1,理科,本科批,生物科学类,721,1232,10511,普通类,海南
2017,华中师范大学,0,1,1,理科,本科批,化学类,720,1259,10511,普通类,海南
2017,华中师范大学,0,1,1,理科,本科批,地理科学类,719,1291,10511,普通类,海南
2017,华中师范大学,0,1,1,理科,本科批,社会学类,716,1380,10511,普通类,海南
2017,华中师范大学,0,1,1,理科,本科批,计算机类,716,1380,10511,普通类,海南
2017,华中师范大学,0,1,1,理科,本科批,新闻传播学类,714,1434,10511,普通类,海南
2017,华中师范大学,0,1,1,理科,本科批,数字媒体技术,713,1462,10511,普通类,海南
2017,华中师范大学,0,1,1,理科,本科批,法学类（法学经济学交叉培养班）,713,1462,10511,普通类,海南
2017,华中师范大学,0,1,1,理科,本科批,电子信息类,712,1495,10511,普通类,海南
2017,华中师范大学,0,1,1,文科,本科批,中国语言文学类,777,194,10511,普通类,海南
2017,华中师范大学,0,1,1,文科,本科批,历史学类,772,216,10511,普通类,海南
2017,华中师范大学,0,1,1,文科,本科批,法学,769,230,10511,普通类,海南
2017,华中师范大学,0,1,1,文科,本科批,日语,748,397,10511,普通类,海南
2017,中南财经政法大学,0,1,1,理科,本科批,会计学,780,289,10520,普通类,海南
2017,中南财经政法大学,0,1,1,理科,本科批,投资学,763,454,10520,普通类,海南
2017,中南财经政法大学,0,1,1,理科,本科批,经济管理试验班,763,454,10520,普通类,海南
2017,中南财经政法大学,0,1,1,理科,本科批,财务管理,760,482,10520,普通类,海南
2017,中南财经政法大学,0,1,1,理科,本科批,法学（民商法方向）,759,495,10520,普通类,海南
2017,中南财经政法大学,0,1,1,理科,本科批,保险学,758,509,10520,普通类,海南
2017,中南财经政法大学,0,1,1,理科,本科批,金融学,757,523,10520,普通类,海南
2017,中南财经政法大学,0,1,1,理科,本科批,工商管理,757,523,10520,普通类,海南
2017,中南财经政法大学,0,1,1,理科,本科批,国际经济与贸易,755,556,10520,普通类,海南
2017,中南财经政法大学,0,1,1,理科,本科批,经济学,753,580,10520,普通类,海南
2017,中南财经政法大学,0,1,1,理科,本科批,法学,750,618,10520,普通类,海南
2017,中南财经政法大学,0,1,1,理科,本科批,财政学,749,634,10520,普通类,海南
2017,中南财经政法大学,0,1,1,理科,本科批,税收学,748,651,10520,普通类,海南
2017,中南财经政法大学,0,1,1,理科,本科批,人力资源管理,748,651,10520,普通类,海南
2017,中南财经政法大学,0,1,1,理科,本科批,商务英语,746,685,10520,普通类,海南
2017,中南财经政法大学,0,1,1,理科,本科批,行政管理,745,703,10520,普通类,海南
2017,中南财经政法大学,0,1,1,理科,本科批,旅游管理,741,785,10520,普通类,海南
2017,中南财经政法大学,0,1,1,理科,本科批,英语,737,859,10520,普通类,海南
2017,中南财经政法大学,0,1,1,理科,本科批,信息管理与信息系统（金融数据工程方向）,735,901,10520,普通类,海南
2017,中南财经政法大学,0,1,1,理科,本科批,市场营销,733,940,10520,普通类,海南
2017,中南财经政法大学,0,1,1,理科,本科批,物流管理,732,963,10520,普通类,海南
2017,中南财经政法大学,0,1,1,理科,本科批,新闻传播学类,730,1004,10520,普通类,海南
2017,中南财经政法大学,0,1,1,理科,本科批,劳动与社会保障,728,1046,10520,普通类,海南
2017,中南财经政法大学,0,1,1,理科,本科批,劳动关系,728,1046,10520,普通类,海南
2017,中南财经政法大学,0,1,1,理科,本科批,社会学,727,1071,10520,普通类,海南
2017,中南财经政法大学,0,1,1,文科,本科批,会计学,807,78,10520,普通类,海南
2017,中南财经政法大学,0,1,1,文科,本科批,金融学,791,125,10520,普通类,海南
2017,中南财经政法大学,0,1,1,文科,本科批,财务管理,785,150,10520,普通类,海南
2017,中南财经政法大学,0,1,1,文科,本科批,财政学,774,205,10520,普通类,海南
2017,中南财经政法大学,0,1,1,文科,本科批,法学（民商法方向）,771,222,10520,普通类,海南
2017,中南财经政法大学,0,1,1,文科,本科批,工商管理,768,239,10520,普通类,海南
2017,中南财经政法大学,0,1,1,文科,本科批,投资学,766,250,10520,普通类,海南
2017,中南财经政法大学,0,1,1,文科,本科批,经济学,765,257,10520,普通类,海南
2017,中南财经政法大学,0,1,1,文科,本科批,国际经济与贸易,765,257,10520,普通类,海南
2017,中南财经政法大学,0,1,1,文科,本科批,法学,760,290,10520,普通类,海南
2017,中南财经政法大学,0,1,1,文科,本科批,行政管理,757,316,10520,普通类,海南
2017,中南财经政法大学,0,1,1,文科,本科批,税收学,756,329,10520,普通类,海南
2017,中南财经政法大学,0,1,1,文科,本科批,新闻传播学类,754,343,10520,普通类,海南
2017,中南财经政法大学,0,1,1,文科,本科批,旅游管理,753,354,10520,普通类,海南
2017,中南财经政法大学,0,1,1,文科,本科批,人力资源管理,752,359,10520,普通类,海南
2017,中南财经政法大学,0,1,1,文科,本科批,保险学,752,359,10520,普通类,海南
2017,中南财经政法大学,0,1,1,文科,本科批,劳动与社会保障,751,371,10520,普通类,海南
2017,中南财经政法大学,0,1,1,文科,本科批,市场营销,750,377,10520,普通类,海南
2017,中南财经政法大学,0,1,1,文科,本科批,英语,749,386,10520,普通类,海南
2017,中南财经政法大学,0,1,1,文科,本科批,劳动关系,748,397,10520,普通类,海南
2017,中南财经政法大学,0,1,1,文科,本科批,商务英语,745,423,10520,普通类,海南
2017,中南财经政法大学,0,1,1,文科,本科批,物流管理,743,451,10520,普通类,海南
2017,湖南大学,1,1,1,理科,本科批,会计学,769,386,10532,普通类,海南
2017,湖南大学,1,1,1,理科,本科批,工业设计,753,580,10532,普通类,海南
2017,湖南大学,1,1,1,理科,本科批,统计学类,747,666,10532,普通类,海南
2017,湖南大学,1,1,1,理科,本科批,电气工程及其自动化,744,726,10532,普通类,海南
2017,湖南大学,1,1,1,理科,本科批,经济学类,743,740,10532,普通类,海南
2017,湖南大学,1,1,1,理科,本科批,电子信息工程,742,763,10532,普通类,海南
2017,湖南大学,1,1,1,理科,本科批,通信工程,742,763,10532,普通类,海南
2017,湖南大学,1,1,1,理科,本科批,工商管理,737,859,10532,普通类,海南
2017,湖南大学,1,1,1,理科,本科批,国际经济与贸易,736,879,10532,普通类,海南
2017,湖南大学,1,1,1,理科,本科批,建筑学,735,901,10532,普通类,海南
2017,湖南大学,1,1,1,理科,本科批,土木类,735,901,10532,普通类,海南
2017,湖南大学,1,1,1,理科,本科批,生物医学工程,732,963,10532,普通类,海南
2017,湖南大学,1,1,1,理科,本科批,环境科学与工程类,732,963,10532,普通类,海南
2017,湖南大学,1,1,1,理科,本科批,自动化,731,989,10532,普通类,海南
2017,湖南大学,1,1,1,理科,本科批,电子商务,729,1023,10532,普通类,海南
2017,湖南大学,1,1,1,理科,本科批,计算机科学与技术,729,1023,10532,普通类,海南
2017,湖南大学,1,1,1,理科,本科批,电子科学与技术,725,1124,10532,普通类,海南
2017,湖南大学,1,1,1,理科,本科批,信息安全,725,1124,10532,普通类,海南
2017,湖南大学,1,1,1,理科,本科批,数学类,724,1149,10532,普通类,海南
2017,湖南大学,1,1,1,理科,本科批,给排水科学与工程,724,1149,10532,普通类,海南
2017,湖南大学,1,1,1,理科,本科批,软件工程,723,1179,10532,普通类,海南
2017,湖南大学,1,1,1,理科,本科批,建筑环境与能源应用工程,722,1205,10532,普通类,海南
2017,湖南大学,1,1,1,理科,本科批,机械类,721,1232,10532,普通类,海南
2017,湖南大学,1,1,1,理科,本科批,材料科学与工程,721,1232,10532,普通类,海南
2017,湖南大学,1,1,1,理科,本科批,材料成型及控制工程,721,1232,10532,普通类,海南
2017,湖南大学,1,1,1,理科,本科批,能源与动力工程,705,1733,10532,普通类,海南
2017,湖南大学,1,1,1,文科,本科批,新闻传播学类,766,250,10532,普通类,海南
2017,湖南大学,1,1,1,文科,本科批,英语,760,290,10532,普通类,海南
2017,湖南大学,1,1,1,文科,本科批,法学,755,338,10532,普通类,海南
2017,湖南大学,1,1,1,文科,本科批,汉语言文学,755,338,10532,普通类,海南
2017,湖南大学,1,1,1,文科,本科批,行政管理,753,354,10532,普通类,海南
2017,中南大学,1,1,1,理科,本科批,口腔医学,797,177,10533,普通类,海南
2017,中南大学,1,1,1,理科,本科批,临床医学,785,247,10533,普通类,海南
2017,中南大学,1,1,1,理科,本科批,临床医学（五年制）,770,379,10533,普通类,海南
2017,中南大学,1,1,1,理科,本科批,计算机科学与技术,751,605,10533,普通类,海南
2017,中南大学,1,1,1,理科,本科批,金融学,749,634,10533,普通类,海南
2017,中南大学,1,1,1,理科,本科批,电子信息科学与技术,735,901,10533,普通类,海南
2017,中南大学,1,1,1,理科,本科批,电气工程及其自动化,734,916,10533,普通类,海南
2017,中南大学,1,1,1,理科,本科批,土木工程,733,940,10533,普通类,海南
2017,中南大学,1,1,1,理科,本科批,麻醉学,733,940,10533,普通类,海南
2017,中南大学,1,1,1,理科,本科批,物联网工程,732,963,10533,普通类,海南
2017,中南大学,1,1,1,理科,本科批,自动化,731,989,10533,普通类,海南
2017,中南大学,1,1,1,理科,本科批,城市地下空间工程,728,1046,10533,普通类,海南
2017,中南大学,1,1,1,理科,本科批,统计学,726,1095,10533,普通类,海南
2017,中南大学,1,1,1,理科,本科批,机械设计制造及其自动化,724,1149,10533,普通类,海南
2017,中南大学,1,1,1,理科,本科批,能源与动力工程,723,1179,10533,普通类,海南
2017,中南大学,1,1,1,理科,本科批,冶金工程,723,1179,10533,普通类,海南
2017,中南大学,1,1,1,理科,本科批,生物科学,722,1205,10533,普通类,海南
2017,中南大学,1,1,1,理科,本科批,材料科学与工程,722,1205,10533,普通类,海南
2017,中南大学,1,1,1,理科,本科批,车辆工程,722,1205,10533,普通类,海南
2017,中南大学,1,1,1,理科,本科批,铁道工程,721,1232,10533,普通类,海南
2017,中南大学,1,1,1,理科,本科批,交通设备与控制工程,720,1259,10533,普通类,海南
2017,中南大学,1,1,1,理科,本科批,应用化学,720,1259,10533,普通类,海南
2017,中南大学,1,1,1,理科,本科批,粉体材料科学与工程,719,1291,10533,普通类,海南
2017,中南大学,1,1,1,理科,本科批,医学检验技术,718,1322,10533,普通类,海南
2017,中南大学,1,1,1,理科,本科批,材料化学,717,1346,10533,普通类,海南
2017,中南大学,1,1,1,文科,本科批,汉语言文学,764,265,10533,普通类,海南
2017,中南大学,1,1,1,文科,本科批,金融学,759,299,10533,普通类,海南
2017,中南大学,1,1,1,文科,本科批,法学,759,299,10533,普通类,海南
2017,中南大学,1,1,1,文科,本科批,广播电视学,753,354,10533,普通类,海南
2017,中南大学,1,1,1,文科,本科批,日语,751,371,10533,普通类,海南
2017,湖南师范大学,0,1,1,理科,本科批,数学与应用数学,715,1411,10542,普通类,海南
2017,湖南师范大学,0,1,1,理科,本科批,生物科学,712,1495,10542,普通类,海南
2017,湖南师范大学,0,1,1,理科,本科批,教育技术学,708,1632,10542,普通类,海南
2017,湖南师范大学,0,1,1,理科,本科批,经济学,701,1884,10542,普通类,海南
2017,湖南师范大学,0,1,1,理科,本科批,国际经济与贸易,698,2010,10542,普通类,海南
2017,湖南师范大学,0,1,1,理科,本科批,软件工程,697,2055,10542,普通类,海南
2017,湖南师范大学,0,1,1,理科,本科批,电子信息工程,695,2134,10542,普通类,海南
2017,湖南师范大学,0,1,1,理科,本科批,统计学,694,2179,10542,普通类,海南
2017,湖南师范大学,0,1,1,理科,本科批,信息与计算科学,694,2179,10542,普通类,海南
2017,湖南师范大学,0,1,1,文科,本科批,酒店管理,734,551,10542,普通类,海南
2017,湖南师范大学,0,1,1,文科,本科批,人力资源管理,732,575,10542,普通类,海南
2017,湖南师范大学,0,1,1,文科,本科批,新闻学,728,643,10542,普通类,海南
2017,湖南师范大学,0,1,1,文科,本科批,政治学与行政学,725,684,10542,普通类,海南
2017,湖南师范大学,0,1,1,文科,本科批,法学,725,684,10542,普通类,海南
2017,湖南师范大学,0,1,1,文科,本科批,社会学,721,754,10542,普通类,海南
2017,湖南师范大学,0,1,1,文科,本科批,旅游管理,720,768,10542,普通类,海南
2017,中山大学,1,1,1,理科,本科批,经济学类（岭南学院）,825,79,10558,普通类,海南
2017,中山大学,1,1,1,理科,本科批,会计学（管理学院）,822,85,10558,普通类,海南
2017,中山大学,1,1,1,理科,本科批,生物科学类,803,149,10558,普通类,海南
2017,中山大学,1,1,1,理科,本科批,数学类（珠海）,799,169,10558,普通类,海南
2017,中山大学,1,1,1,理科,本科批,临床医学（广州）,797,177,10558,普通类,海南
2017,中山大学,1,1,1,理科,本科批,环境科学与工程类,793,197,10558,普通类,海南
2017,中山大学,1,1,1,理科,本科批,材料类（广州）,789,224,10558,普通类,海南
2017,中山大学,1,1,1,理科,本科批,软件工程,789,224,10558,普通类,海南
2017,中山大学,1,1,1,理科,本科批,药学（深圳）,785,247,10558,普通类,海南
2017,中山大学,1,1,1,理科,本科批,理论与应用力学（广州）,782,272,10558,普通类,海南
2017,中山大学,1,1,1,理科,本科批,地理科学类,774,337,10558,普通类,海南
2017,中山大学,1,1,1,理科,本科批,海洋科学（深圳）,774,337,10558,普通类,海南
2017,中山大学,1,1,1,理科,本科批,旅游管理类,773,347,10558,普通类,海南
2017,中山大学,1,1,1,理科,本科批,预防医学（广州）,771,373,10558,普通类,海南
2017,中山大学,1,1,1,文科,本科批,会计学（管理学院）,834,33,10558,普通类,海南
2017,中山大学,1,1,1,文科,本科批,经济学类（岭南学院）,832,35,10558,普通类,海南
2017,中山大学,1,1,1,文科,本科批,新闻传播学类,831,36,10558,普通类,海南
2017,中山大学,1,1,1,文科,本科批,汉语言文学（广州）,799,100,10558,普通类,海南
2017,中山大学,1,1,1,文科,本科批,法学,765,257,10558,普通类,海南
2017,中山大学,1,1,1,文科,本科批,哲学（珠海）,746,414,10558,普通类,海南
2017,中山大学,1,1,1,文科,本科批,外国语言文学类,702,1114,10558,普通类,海南
2017,暨南大学,0,1,1,理科,本科批,会计学（ACCA）,767,413,10559,普通类,海南
2017,暨南大学,0,1,1,理科,本科批,新闻学,742,763,10559,普通类,海南
2017,暨南大学,0,1,1,理科,本科批,行政管理,735,901,10559,普通类,海南
2017,暨南大学,0,1,1,理科,本科批,土木工程,728,1046,10559,普通类,海南
2017,暨南大学,0,1,1,理科,本科批,食品科学与工程,726,1095,10559,普通类,海南
2017,暨南大学,0,1,1,理科,本科批,国际政治,719,1291,10559,普通类,海南
2017,暨南大学,0,1,1,理科,本科批,临床医学（深圳班）,716,1380,10559,普通类,海南
2017,暨南大学,0,1,1,理科,本科批,旅游管理（高尔夫管理）,716,1380,10559,普通类,海南
2017,暨南大学,0,1,1,理科,本科批,自动化,715,1411,10559,普通类,海南
2017,暨南大学,0,1,1,理科,本科批,会展经济与管理,713,1462,10559,普通类,海南
2017,暨南大学,0,1,1,文科,本科批,财务管理,787,142,10559,普通类,海南
2017,暨南大学,0,1,1,文科,本科批,广播电视学,777,194,10559,普通类,海南
2017,暨南大学,0,1,1,文科,本科批,汉语言文学（国家文科基地班）,773,212,10559,普通类,海南
2017,暨南大学,0,1,1,文科,本科批,国际商务,759,299,10559,普通类,海南
2017,暨南大学,0,1,1,文科,本科批,汉语国际教育,758,311,10559,普通类,海南
2017,暨南大学,0,1,1,文科,本科批,文化产业管理,756,329,10559,普通类,海南
2017,暨南大学,0,1,1,文科,本科批,商务英语,755,338,10559,普通类,海南
2017,暨南大学,0,1,1,文科,本科批,酒店管理,754,343,10559,普通类,海南
2017,暨南大学,0,1,1,文科,本科批,旅游管理（高尔夫管理）,753,354,10559,普通类,海南
2017,暨南大学,0,1,1,文科,本科批,会计学（ACCA）,751,371,10559,普通类,海南
2017,华南理工大学,1,1,1,理科,本科批,建筑学,796,182,10561,普通类,海南
2017,华南理工大学,1,1,1,理科,本科批,计算机科学与技术,783,260,10561,普通类,海南
2017,华南理工大学,1,1,1,理科,本科批,信息安全,773,347,10561,普通类,海南
2017,华南理工大学,1,1,1,理科,本科批,金融学,772,354,10561,普通类,海南
2017,华南理工大学,1,1,1,理科,本科批,会计学,769,386,10561,普通类,海南
2017,华南理工大学,1,1,1,理科,本科批,化学类（创新班）,766,419,10561,普通类,海南
2017,华南理工大学,1,1,1,理科,本科批,电气工程及其自动化,764,439,10561,普通类,海南
2017,华南理工大学,1,1,1,理科,本科批,高分子材料与工程,763,454,10561,普通类,海南
2017,华南理工大学,1,1,1,理科,本科批,智能科学与技术,763,454,10561,普通类,海南
2017,华南理工大学,1,1,1,理科,本科批,车辆工程,759,495,10561,普通类,海南
2017,华南理工大学,1,1,1,理科,本科批,机械工程,759,495,10561,普通类,海南
2017,华南理工大学,1,1,1,理科,本科批,信息工程,758,509,10561,普通类,海南
2017,华南理工大学,1,1,1,理科,本科批,城乡规划,757,523,10561,普通类,海南
2017,华南理工大学,1,1,1,理科,本科批,环境工程（3+2中澳班）,757,523,10561,普通类,海南
2017,华南理工大学,1,1,1,理科,本科批,工商管理（2+2联合班）,757,523,10561,普通类,海南
2017,华南理工大学,1,1,1,理科,本科批,数学与应用数学,755,556,10561,普通类,海南
2017,华南理工大学,1,1,1,理科,本科批,自动化,754,565,10561,普通类,海南
2017,华南理工大学,1,1,1,理科,本科批,材料科学与工程,753,580,10561,普通类,海南
2017,华南理工大学,1,1,1,理科,本科批,土木工程（卓越全英班）,753,580,10561,普通类,海南
2017,华南理工大学,1,1,1,理科,本科批,电子科学与技术（电子材料与元器件）,752,595,10561,普通类,海南
2017,华南理工大学,1,1,1,理科,本科批,化学工程与工艺,752,595,10561,普通类,海南
2017,华南理工大学,1,1,1,理科,本科批,电子科学与技术,751,605,10561,普通类,海南
2017,华南理工大学,1,1,1,理科,本科批,电气工程及其自动化（3+2中澳班）,748,651,10561,普通类,海南
2017,华南理工大学,1,1,1,理科,本科批,生物工程,748,651,10561,普通类,海南
2017,华南理工大学,1,1,1,理科,本科批,交通运输,747,666,10561,普通类,海南
2017,华南理工大学,1,1,1,理科,本科批,光电信息科学与工程（光电器件）,746,685,10561,普通类,海南
2017,华南理工大学,1,1,1,理科,本科批,安全工程,745,703,10561,普通类,海南
2017,华南理工大学,1,1,1,理科,本科批,电子商务,744,726,10561,普通类,海南
2017,华南理工大学,1,1,1,理科,本科批,船舶与海洋工程,744,726,10561,普通类,海南
2017,华南理工大学,1,1,1,理科,本科批,给排水科学与工程,744,726,10561,普通类,海南
2017,华南理工大学,1,1,1,理科,本科批,轻化工程,743,740,10561,普通类,海南
2017,华南理工大学,1,1,1,理科,本科批,光电信息科学与工程（光电信息）,742,763,10561,普通类,海南
2017,华南理工大学,1,1,1,理科,本科批,物流工程,742,763,10561,普通类,海南
2017,广州中医药大学,0,0,1,理科,本科批,中医学（“5+3”一体化）,745,703,10572,普通类,海南
2017,广州中医药大学,0,0,1,理科,本科批,中医学,717,1346,10572,普通类,海南
2017,广州中医药大学,0,0,1,理科,本科批,临床医学,709,1594,10572,普通类,海南
2017,广州中医药大学,0,0,1,理科,本科批,应用心理学,698,2010,10572,普通类,海南
2017,广州中医药大学,0,0,1,理科,本科批,生物技术,689,2391,10572,普通类,海南
2017,广州中医药大学,0,0,1,理科,本科批,药学,671,3356,10572,普通类,海南
2017,广州中医药大学,0,0,1,理科,本科批,中药学,668,3504,10572,普通类,海南
2017,广州中医药大学,0,0,1,理科,本科批,中药资源与开发,662,3901,10572,普通类,海南
2017,广州中医药大学,0,0,1,理科,本科批,制药工程,653,4531,10572,普通类,海南
2017,广州中医药大学,0,0,1,理科,本科批,护理学,652,4611,10572,普通类,海南
2017,广州中医药大学,0,0,1,理科,本科批,中药制药,649,4808,10572,普通类,海南
2017,广州中医药大学,0,0,1,理科,本科批,生物医学工程,649,4808,10572,普通类,海南
2017,广州中医药大学,0,0,1,理科,本科批,康复治疗学,643,5293,10572,普通类,海南
2017,广州中医药大学,0,0,1,理科,本科批,医学信息工程,640,5546,10572,普通类,海南
2017,广州中医药大学,0,0,1,理科,本科批,医学检验技术,640,5546,10572,普通类,海南
2017,广州中医药大学,0,0,1,理科,本科批,药物制剂,638,5715,10572,普通类,海南
2017,广州中医药大学,0,0,1,文科,本科批,中医学,726,673,10572,普通类,海南
2017,广州中医药大学,0,0,1,文科,本科批,针灸推拿学,696,1244,10572,普通类,海南
2017,广州中医药大学,0,0,1,文科,本科批,公共事业管理,693,1323,10572,普通类,海南
2017,广州中医药大学,0,0,1,文科,本科批,护理学,691,1373,10572,普通类,海南
2017,广州中医药大学,0,0,1,文科,本科批,国际经济与贸易,690,1397,10572,普通类,海南
2017,广州中医药大学,0,0,1,文科,本科批,应用心理学,689,1431,10572,普通类,海南
2017,广州中医药大学,0,0,1,文科,本科批,市场营销,667,2087,10572,普通类,海南
2017,广州中医药大学,0,0,1,文科,本科批,康复治疗学,666,2137,10572,普通类,海南
2017,广州中医药大学,0,0,1,文科,本科批,英语,659,2417,10572,普通类,海南
2017,华南师范大学,0,1,1,理科,本科批,物理学,745,703,10574,普通类,海南
2017,华南师范大学,0,1,1,理科,本科批,生物科学,723,1179,10574,普通类,海南
2017,华南师范大学,0,1,1,理科,本科批,心理学,722,1205,10574,普通类,海南
2017,华南师范大学,0,1,1,理科,本科批,应用心理学,715,1411,10574,普通类,海南
2017,华南师范大学,0,1,1,理科,本科批,网络工程,714,1434,10574,普通类,海南
2017,华南师范大学,0,1,1,理科,本科批,信息工程,714,1434,10574,普通类,海南
2017,华南师范大学,0,1,1,文科,本科批,思想政治教育,748,397,10574,普通类,海南
2017,华南师范大学,0,1,1,文科,本科批,历史学,746,414,10574,普通类,海南
2017,华南师范大学,0,1,1,文科,本科批,地理科学,744,433,10574,普通类,海南
2017,华南师范大学,0,1,1,文科,本科批,编辑出版学,742,461,10574,普通类,海南
2017,华南师范大学,0,1,1,文科,本科批,社会工作,741,469,10574,普通类,海南
2017,海南大学,0,1,1,理科,本科批,法学,688,2429,10589,普通类,海南
2017,海南大学,0,1,1,理科,本科批,金融学,670,3405,10589,普通类,海南
2017,海南大学,0,1,1,理科,本科批,建筑学,661,3976,10589,普通类,海南
2017,海南大学,0,1,1,理科,本科批,人文地理与城乡规划,652,4611,10589,普通类,海南
2017,海南大学,0,1,1,理科,本科批,土木工程,647,4967,10589,普通类,海南
2017,海南大学,0,1,1,理科,本科批,数学类,646,5048,10589,普通类,海南
2017,海南大学,0,1,1,理科,本科批,软件工程,643,5293,10589,普通类,海南
2017,海南大学,0,1,1,理科,本科批,药学,643,5293,10589,普通类,海南
2017,海南大学,0,1,1,理科,本科批,工程管理,642,5377,10589,普通类,海南
2017,海南大学,0,1,1,理科,本科批,物流管理,638,5715,10589,普通类,海南
2017,海南大学,0,1,1,理科,本科批,工商管理类,637,5798,10589,普通类,海南
2017,海南大学,0,1,1,理科,本科批,经济统计学,636,5897,10589,普通类,海南
2017,海南大学,0,1,1,理科,本科批,电气工程及其自动化,635,5991,10589,普通类,海南
2017,海南大学,0,1,1,理科,本科批,计算机类,634,6077,10589,普通类,海南
2017,海南大学,0,1,1,理科,本科批,电子信息类,630,6448,10589,普通类,海南
2017,海南大学,0,1,1,理科,本科批,信息管理与信息系统,629,6534,10589,普通类,海南
2017,海南大学,0,1,1,理科,本科批,国际经济与贸易,629,6534,10589,普通类,海南
2017,海南大学,0,1,1,理科,本科批,海洋工程与技术,627,6721,10589,普通类,海南
2017,海南大学,0,1,1,理科,本科批,公共管理类,626,6819,10589,普通类,海南
2017,海南大学,0,1,1,理科,本科批,交通运输,626,6819,10589,普通类,海南
2017,海南大学,0,1,1,理科,本科批,自动化,625,6910,10589,普通类,海南
2017,海南大学,0,1,1,理科,本科批,食品科学与工程类,620,7392,10589,普通类,海南
2017,海南大学,0,1,1,理科,本科批,农林经济管理,618,7602,10589,普通类,海南
2017,海南大学,0,1,1,理科,本科批,旅游管理类（旅游管理、酒店管理、会展经济与管理）,618,7602,10589,普通类,海南
2017,海南大学,0,1,1,理科,本科批,海洋科学,616,7821,10589,普通类,海南
2017,海南大学,0,1,1,理科,本科批,风景园林,615,7923,10589,普通类,海南
2017,海南大学,0,1,1,理科,本科批,化学工程与工艺,613,8123,10589,普通类,海南
2017,海南大学,0,1,1,理科,本科批,材料类,612,8215,10589,普通类,海南
2017,海南大学,0,1,1,理科,本科批,机械类,611,8308,10589,普通类,海南
2017,海南大学,0,1,1,理科,本科批,应用化学,609,8531,10589,普通类,海南
2017,海南大学,0,1,1,理科,本科批,会计学（涉外会计方向）,605,8976,10589,普通类,海南
2017,海南大学,0,1,1,理科,本科批,环境科学,602,9308,10589,普通类,海南
2017,海南大学,0,1,1,理科,本科批,生物科学类,597,9892,10589,普通类,海南
2017,海南大学,0,1,1,理科,本科批,园林,597,9892,10589,普通类,海南
2017,海南大学,0,1,1,理科,本科批,财务管理（企业理财方向）,595,10119,10589,普通类,海南
2017,海南大学,0,1,1,理科,本科批,生物工程,592,10496,10589,普通类,海南
2017,海南大学,0,1,1,理科,本科批,植物保护（农药与农产品安全方向）,589,10854,10589,普通类,海南
2017,海南大学,0,1,1,理科,本科批,审计学,589,10854,10589,普通类,海南
2017,海南大学,0,1,1,理科,本科批,农业机械化及其自动化,588,10982,10589,普通类,海南
2017,海南大学,0,1,1,理科,本科批,电子商务,587,11100,10589,普通类,海南
2017,海南大学,0,1,1,理科,本科批,动物科学,586,11225,10589,普通类,海南
2017,海南大学,0,1,1,理科,本科批,动物医学,585,11354,10589,普通类,海南
2017,海南大学,0,1,1,理科,本科批,农业资源与环境,585,11354,10589,普通类,海南
2017,海南大学,0,1,1,理科,本科批,园艺（草坪科学与工程方向）,585,11354,10589,普通类,海南
2017,海南大学,0,1,1,理科,本科批,物联网工程,585,11354,10589,普通类,海南
2017,海南大学,0,1,1,理科,本科批,野生动物与自然保护区管理,585,11354,10589,普通类,海南
2017,海南大学,0,1,1,理科,本科批,种子科学与工程,585,11354,10589,普通类,海南
2017,海南大学,0,1,1,理科,本科批,林学类,585,11354,10589,普通类,海南
2017,海南大学,0,1,1,理科,本科批,设施农业科学与工程,584,11479,10589,普通类,海南
2017,海南大学,0,1,1,理科,本科批,水产养殖学,584,11479,10589,普通类,海南
2017,海南大学,0,1,1,理科,本科批,植物生产类,584,11479,10589,普通类,海南
2017,海南大学,0,1,1,理科,本科批,风景园林（园林工程技术方向）,584,11479,10589,普通类,海南
2017,海南大学,0,1,1,理科,本科批,电子科学与技术,584,11479,10589,普通类,海南
2017,海南大学,0,1,1,理科,本科批,旅游管理类（会展经济与管理）（中外合作办学）,581,11858,10589,中外合作办学,海南
2017,海南大学,0,1,1,理科,本科批,公共管理类（中外合作办学）,577,12368,10589,中外合作办学,海南
2017,海南大学,0,1,1,理科,本科批,地理科学类（中外合作办学）,571,13138,10589,中外合作办学,海南
2017,海南大学,0,1,1,理科,本科批,旅游管理类（酒店管理）（中外合作办学）,563,14195,10589,中外合作办学,海南
2017,海南大学,0,1,1,文科,本科批,法学,702,1114,10589,普通类,海南
2017,海南大学,0,1,1,文科,本科批,金融学,702,1114,10589,普通类,海南
2017,海南大学,0,1,1,文科,本科批,国际经济与贸易,690,1397,10589,普通类,海南
2017,海南大学,0,1,1,文科,本科批,工商管理类,685,1542,10589,普通类,海南
2017,海南大学,0,1,1,文科,本科批,思想政治教育,682,1626,10589,普通类,海南
2017,海南大学,0,1,1,文科,本科批,中国语言文学类,679,1701,10589,普通类,海南
2017,海南大学,0,1,1,文科,本科批,旅游管理类（会展经济与管理）（中外合作办学）,672,1930,10589,中外合作办学,海南
2017,海南大学,0,1,1,文科,本科批,俄语,671,1956,10589,普通类,海南
2017,海南大学,0,1,1,文科,本科批,新闻传播学类,669,2022,10589,普通类,海南
2017,海南大学,0,1,1,文科,本科批,日语,668,2057,10589,普通类,海南
2017,海南大学,0,1,1,文科,本科批,公共管理类,666,2137,10589,普通类,海南
2017,海南大学,0,1,1,文科,本科批,外国语言文学类,666,2137,10589,普通类,海南
2017,海南大学,0,1,1,文科,本科批,农林经济管理,665,2171,10589,普通类,海南
2017,海南大学,0,1,1,文科,本科批,旅游管理类（旅游管理、酒店管理、会展经济与管理）,662,2289,10589,普通类,海南
2017,海南大学,0,1,1,文科,本科批,财务管理（企业理财方向）,651,2733,10589,普通类,海南
2017,海南大学,0,1,1,文科,本科批,会计学（涉外会计方向）,650,2784,10589,普通类,海南
2017,海南大学,0,1,1,文科,本科批,审计学,649,2823,10589,普通类,海南
2017,海南大学,0,1,1,文科,本科批,俄语（商务俄语方向）,648,2864,10589,普通类,海南
2017,海南大学,0,1,1,文科,本科批,行政管理（行政文秘方向）,648,2864,10589,普通类,海南
2017,海南大学,0,1,1,文科,本科批,电子商务,648,2864,10589,普通类,海南
2017,海南大学,0,1,1,文科,本科批,旅游管理类（酒店管理）（中外合作办学）,602,5368,10589,中外合作办学,海南
2017,海南大学,0,1,1,文科,本科批,地理科学类（中外合作办学）,600,5502,10589,中外合作办学,海南
2017,广西大学,0,1,1,理科,本科批,自动化,659,4114,10593,普通类,海南
2017,广西大学,0,1,1,理科,本科批,电气工程及其自动化,648,4893,10593,普通类,海南
2017,广西大学,0,1,1,理科,本科批,电子科学与技术,646,5048,10593,普通类,海南
2017,广西大学,0,1,1,理科,本科批,计算机类,646,5048,10593,普通类,海南
2017,广西大学,0,1,1,理科,本科批,土木工程,642,5377,10593,普通类,海南
2017,广西大学,0,1,1,理科,本科批,环境工程,639,5629,10593,普通类,海南
2017,广西大学,0,1,1,理科,本科批,机械类,639,5629,10593,普通类,海南
2017,广西大学,0,1,1,理科,本科批,数学类,634,6077,10593,普通类,海南
2017,广西大学,0,1,1,理科,本科批,能源与动力工程,634,6077,10593,普通类,海南
2017,广西大学,0,1,1,理科,本科批,材料类,634,6077,10593,普通类,海南
2017,广西大学,0,1,1,理科,本科批,园艺,633,6164,10593,普通类,海南
2017,广西大学,0,1,1,理科,本科批,海洋科学,632,6252,10593,普通类,海南
2017,广西大学,0,1,1,理科,本科批,植物保护,631,6352,10593,普通类,海南
2017,广西大学,0,1,1,理科,本科批,生物工程,630,6448,10593,普通类,海南
2017,广西大学,0,1,1,理科,本科批,应用化学,630,6448,10593,普通类,海南
2017,广西大学,0,1,1,理科,本科批,水产养殖学,629,6534,10593,普通类,海南
2017,广西大学,0,1,1,理科,本科批,安全工程,627,6721,10593,普通类,海南
2017,四川大学,1,1,1,理科,本科批,口腔医学,755,556,10610,普通类,海南
2017,四川大学,1,1,1,理科,本科批,临床医学,753,580,10610,普通类,海南
2017,四川大学,1,1,1,理科,本科批,数学类,747,666,10610,普通类,海南
2017,四川大学,1,1,1,理科,本科批,电子信息类,742,763,10610,普通类,海南
2017,四川大学,1,1,1,理科,本科批,计算机类,741,785,10610,普通类,海南
2017,四川大学,1,1,1,理科,本科批,电气工程及其自动化,741,785,10610,普通类,海南
2017,四川大学,1,1,1,理科,本科批,网络空间安全,740,797,10610,普通类,海南
2017,四川大学,1,1,1,理科,本科批,化学类,738,843,10610,普通类,海南
2017,四川大学,1,1,1,理科,本科批,软件工程,737,859,10610,普通类,海南
2017,四川大学,1,1,1,理科,本科批,工商管理类,737,859,10610,普通类,海南
2017,四川大学,1,1,1,理科,本科批,生物科学类,736,879,10610,普通类,海南
2017,四川大学,1,1,1,理科,本科批,高分子材料与工程,735,901,10610,普通类,海南
2017,四川大学,1,1,1,理科,本科批,化工与制药类,735,901,10610,普通类,海南
2017,四川大学,1,1,1,理科,本科批,机械设计制造及其自动化,734,916,10610,普通类,海南
2017,四川大学,1,1,1,理科,本科批,土木类,733,940,10610,普通类,海南
2017,四川大学,1,1,1,理科,本科批,生物工程,733,940,10610,普通类,海南
2017,四川大学,1,1,1,文科,本科批,英语,753,354,10610,普通类,海南
2017,四川大学,1,1,1,文科,本科批,旅游管理类,742,461,10610,普通类,海南
2017,重庆大学,1,1,1,理科,本科批,电气工程及其自动化,753,580,10611,普通类,海南
2017,重庆大学,1,1,1,理科,本科批,建筑环境与能源应用工程,747,666,10611,普通类,海南
2017,重庆大学,1,1,1,理科,本科批,计算机科学与技术,745,703,10611,普通类,海南
2017,重庆大学,1,1,1,理科,本科批,机械设计制造及其自动化,741,785,10611,普通类,海南
2017,重庆大学,1,1,1,理科,本科批,工程管理,740,797,10611,普通类,海南
2017,重庆大学,1,1,1,理科,本科批,自动化,731,989,10611,普通类,海南
2017,重庆大学,1,1,1,理科,本科批,城乡规划,731,989,10611,普通类,海南
2017,重庆大学,1,1,1,理科,本科批,土木工程,729,1023,10611,普通类,海南
2017,重庆大学,1,1,1,理科,本科批,材料科学与工程,727,1071,10611,普通类,海南
2017,重庆大学,1,1,1,理科,本科批,航空航天类,726,1095,10611,普通类,海南
2017,西南交通大学,0,1,1,理科,本科批,电气工程及其自动化,731,989,10613,普通类,海南
2017,西南交通大学,0,1,1,理科,本科批,交通运输类,724,1149,10613,普通类,海南
2017,西南交通大学,0,1,1,文科,本科批,公共事业管理,727,658,10613,普通类,海南
2017,电子科技大学,1,1,1,理科,本科批,通信工程,761,474,10614,普通类,海南
2017,电子科技大学,1,1,1,理科,本科批,计算机科学与技术,756,536,10614,普通类,海南
2017,电子科技大学,1,1,1,理科,本科批,电子信息工程,748,651,10614,普通类,海南
2017,电子科技大学,1,1,1,理科,本科批,电子科学与技术,744,726,10614,普通类,海南
2017,电子科技大学,1,1,1,理科,本科批,电气工程及其自动化,744,726,10614,普通类,海南
2017,电子科技大学,1,1,1,理科,本科批,自动化,738,843,10614,普通类,海南
2017,电子科技大学,1,1,1,理科,本科批,应用化学,738,843,10614,普通类,海南
2017,电子科技大学,1,1,1,理科,本科批,生物技术（生物-信息复合培养实验班）,737,859,10614,普通类,海南
2017,西南石油大学,0,0,1,理科,本科批,油气储运工程,629,6534,10615,普通类,海南
2017,西南石油大学,0,0,1,理科,本科批,电气工程及其自动化,628,6634,10615,普通类,海南
2017,西南石油大学,0,0,1,理科,本科批,安全工程,625,6910,10615,普通类,海南
2017,西南石油大学,0,0,1,理科,本科批,机械设计制造及其自动化,624,7012,10615,普通类,海南
2017,西南石油大学,0,0,1,理科,本科批,土木工程,623,7103,10615,普通类,海南
2017,西南石油大学,0,0,1,理科,本科批,自动化,622,7202,10615,普通类,海南
2017,西南石油大学,0,0,1,理科,本科批,石油工程,620,7392,10615,普通类,海南
2017,西南石油大学,0,0,1,理科,本科批,测控技术与仪器,612,8215,10615,普通类,海南
2017,西南石油大学,0,0,1,理科,本科批,海洋油气工程,610,8433,10615,普通类,海南
2017,西南石油大学,0,0,1,理科,本科批,机械工程,609,8531,10615,普通类,海南
2017,西南石油大学,0,0,1,理科,本科批,地质学,608,8629,10615,普通类,海南
2017,西南石油大学,0,0,1,理科,本科批,高分子材料与工程,606,8871,10615,普通类,海南
2017,西南石油大学,0,0,1,理科,本科批,化学工程与工艺,606,8871,10615,普通类,海南
2017,西南石油大学,0,0,1,理科,本科批,新能源材料与器件,605,8976,10615,普通类,海南
2017,西南石油大学,0,0,1,理科,本科批,资源勘查工程,605,8976,10615,普通类,海南
2017,西南石油大学,0,0,1,理科,本科批,应用化学,602,9308,10615,普通类,海南
2017,西南石油大学,0,0,1,理科,本科批,过程装备与控制工程,601,9424,10615,普通类,海南
2017,西南石油大学,0,0,1,理科,本科批,勘查技术与工程,601,9424,10615,普通类,海南
2017,西南石油大学,0,0,1,文科,本科批,会计学,659,2417,10615,普通类,海南
2017,西南石油大学,0,0,1,文科,本科批,国际经济与贸易,653,2656,10615,普通类,海南
2017,成都理工大学,0,0,1,理科,本科批,会计学,681,2763,10616,普通类,海南
2017,成都理工大学,0,0,1,理科,本科批,财务管理,673,3230,10616,普通类,海南
2017,成都理工大学,0,0,1,理科,本科批,土木工程,671,3356,10616,普通类,海南
2017,成都理工大学,0,0,1,理科,本科批,计算机类,670,3405,10616,普通类,海南
2017,成都理工大学,0,0,1,理科,本科批,人力资源管理,669,3447,10616,普通类,海南
2017,成都理工大学,0,0,1,理科,本科批,电子信息类,667,3577,10616,普通类,海南
2017,成都理工大学,0,0,1,理科,本科批,物流管理,665,3697,10616,普通类,海南
2017,成都理工大学,0,0,1,理科,本科批,经济学,664,3768,10616,普通类,海南
2017,成都理工大学,0,0,1,理科,本科批,广播电视学,663,3834,10616,普通类,海南
2017,成都理工大学,0,0,1,理科,本科批,工程管理,663,3834,10616,普通类,海南
2017,成都理工大学,0,0,1,理科,本科批,建筑类,662,3901,10616,普通类,海南
2017,成都理工大学,0,0,1,理科,本科批,环境科学与工程类,656,4319,10616,普通类,海南
2017,成都理工大学,0,0,1,理科,本科批,信息管理与信息系统,656,4319,10616,普通类,海南
2017,成都理工大学,0,0,1,理科,本科批,工程力学,656,4319,10616,普通类,海南
2017,成都理工大学,0,0,1,理科,本科批,数学类,654,4469,10616,普通类,海南
2017,成都理工大学,0,0,1,理科,本科批,电气工程及其自动化,653,4531,10616,普通类,海南
2017,成都理工大学,0,0,1,理科,本科批,旅游管理类,653,4531,10616,普通类,海南
2017,成都理工大学,0,0,1,理科,本科批,机械工程,650,4732,10616,普通类,海南
2017,成都理工大学,0,0,1,理科,本科批,新能源科学与工程,649,4808,10616,普通类,海南
2017,成都理工大学,0,0,1,理科,本科批,人文地理与城乡规划,648,4893,10616,普通类,海南
2017,成都理工大学,0,0,1,理科,本科批,应用化学,648,4893,10616,普通类,海南
2017,成都理工大学,0,0,1,理科,本科批,工业工程,648,4893,10616,普通类,海南
2017,成都理工大学,0,0,1,理科,本科批,工商管理,646,5048,10616,普通类,海南
2017,成都理工大学,0,0,1,理科,本科批,核工程类,645,5138,10616,普通类,海南
2017,成都理工大学,0,0,1,理科,本科批,化工与制药类,645,5138,10616,普通类,海南
2017,成都理工大学,0,0,1,理科,本科批,空间科学与技术,645,5138,10616,普通类,海南
2017,成都理工大学,0,0,1,理科,本科批,资源勘查工程,644,5209,10616,普通类,海南
2017,成都理工大学,0,0,1,理科,本科批,石油工程,644,5209,10616,普通类,海南
2017,成都理工大学,0,0,1,理科,本科批,地质学类,643,5293,10616,普通类,海南
2017,成都理工大学,0,0,1,理科,本科批,勘查技术与工程,642,5377,10616,普通类,海南
2017,成都理工大学,0,0,1,理科,本科批,化学,642,5377,10616,普通类,海南
2017,成都理工大学,0,0,1,理科,本科批,测绘类,642,5377,10616,普通类,海南
2017,成都理工大学,0,0,1,文科,本科批,日语,691,1373,10616,普通类,海南
2017,成都理工大学,0,0,1,文科,本科批,国际经济与贸易,680,1671,10616,普通类,海南
2017,成都理工大学,0,0,1,文科,本科批,法学,677,1757,10616,普通类,海南
2017,成都理工大学,0,0,1,文科,本科批,投资学,677,1757,10616,普通类,海南
2017,成都理工大学,0,0,1,文科,本科批,广播电视学,675,1827,10616,普通类,海南
2017,成都理工大学,0,0,1,文科,本科批,广告学,674,1863,10616,普通类,海南
2017,成都理工大学,0,0,1,文科,本科批,英语,674,1863,10616,普通类,海南
2017,成都理工大学,0,0,1,文科,本科批,思想政治教育,674,1863,10616,普通类,海南
2017,成都理工大学,0,0,1,文科,本科批,旅游管理类,674,1863,10616,普通类,海南
2017,成都理工大学,0,0,1,文科,本科批,公共管理类,672,1930,10616,普通类,海南
2017,成都理工大学,0,0,1,文科,本科批,翻译,667,2087,10616,普通类,海南
2017,成都理工大学,0,0,1,文科,本科批,社会学类,665,2171,10616,普通类,海南
2017,成都理工大学,0,0,1,文科,本科批,园林,665,2171,10616,普通类,海南
2017,四川农业大学,0,1,1,理科,本科批,经济学,649,4808,10626,普通类,海南
2017,四川农业大学,0,1,1,理科,本科批,土木工程,648,4893,10626,普通类,海南
2017,四川农业大学,0,1,1,理科,本科批,建筑学,645,5138,10626,普通类,海南
2017,四川农业大学,0,1,1,理科,本科批,英语,643,5293,10626,普通类,海南
2017,四川农业大学,0,1,1,理科,本科批,食品质量与安全,640,5546,10626,普通类,海南
2017,四川农业大学,0,1,1,理科,本科批,计算机科学与技术,637,5798,10626,普通类,海南
2017,四川农业大学,0,1,1,理科,本科批,给排水科学与工程,634,6077,10626,普通类,海南
2017,四川农业大学,0,1,1,理科,本科批,农学,632,6252,10626,普通类,海南
2017,四川农业大学,0,1,1,理科,本科批,环境工程,631,6352,10626,普通类,海南
2017,四川农业大学,0,1,1,理科,本科批,道路桥梁与渡河工程,626,6819,10626,普通类,海南
2017,四川农业大学,0,1,1,理科,本科批,园林,625,6910,10626,普通类,海南
2017,四川农业大学,0,1,1,理科,本科批,生物技术,625,6910,10626,普通类,海南
2017,四川农业大学,0,1,1,理科,本科批,信息与计算科学,624,7012,10626,普通类,海南
2017,四川农业大学,0,1,1,理科,本科批,食品科学与工程,623,7103,10626,普通类,海南
2017,四川农业大学,0,1,1,理科,本科批,物联网工程,620,7392,10626,普通类,海南
2017,四川农业大学,0,1,1,理科,本科批,农林经济管理,617,7703,10626,普通类,海南
2017,四川农业大学,0,1,1,理科,本科批,工程造价,616,7821,10626,普通类,海南
2017,四川农业大学,0,1,1,理科,本科批,应用化学,615,7923,10626,普通类,海南
2017,四川农业大学,0,1,1,理科,本科批,设施农业科学与工程,614,8027,10626,普通类,海南
2017,四川农业大学,0,1,1,理科,本科批,园艺,613,8123,10626,普通类,海南
2017,四川农业大学,0,1,1,理科,本科批,林学,612,8215,10626,普通类,海南
2017,四川农业大学,0,1,1,理科,本科批,农业建筑环境与能源工程,610,8433,10626,普通类,海南
2017,四川农业大学,0,1,1,理科,本科批,生物工程,607,8753,10626,普通类,海南
2017,四川农业大学,0,1,1,理科,本科批,动物科学,604,9087,10626,普通类,海南
2017,四川农业大学,0,1,1,理科,本科批,动植物检疫,603,9200,10626,普通类,海南
2017,四川农业大学,0,1,1,理科,本科批,水产养殖学,602,9308,10626,普通类,海南
2017,四川农业大学,0,1,1,理科,本科批,农业电气化,600,9535,10626,普通类,海南
2017,四川农业大学,0,1,1,理科,本科批,水土保持与荒漠化防治,599,9635,10626,普通类,海南
2017,四川农业大学,0,1,1,理科,本科批,农业水利工程,593,10369,10626,普通类,海南
2017,四川农业大学,0,1,1,理科,本科批,中草药栽培与鉴定,591,10611,10626,普通类,海南
2017,四川农业大学,0,1,1,理科,本科批,包装工程,591,10611,10626,普通类,海南
2017,成都中医药大学,0,0,1,理科,本科批,临床医学,666,3634,10633,普通类,海南
2017,成都中医药大学,0,0,1,理科,本科批,中西医临床医学,639,5629,10633,普通类,海南
2017,成都中医药大学,0,0,1,理科,本科批,预防医学,633,6164,10633,普通类,海南
2017,成都中医药大学,0,0,1,理科,本科批,中药学,627,6721,10633,普通类,海南
2017,成都中医药大学,0,0,1,理科,本科批,医学检验技术,625,6910,10633,普通类,海南
2017,成都中医药大学,0,0,1,理科,本科批,药物制剂,623,7103,10633,普通类,海南
2017,成都中医药大学,0,0,1,理科,本科批,中药资源与开发,622,7202,10633,普通类,海南
2017,成都中医药大学,0,0,1,理科,本科批,市场营销,620,7392,10633,普通类,海南
2017,成都中医药大学,0,0,1,理科,本科批,医学信息工程,618,7602,10633,普通类,海南
2017,成都中医药大学,0,0,1,文科,本科批,护理学,647,2904,10633,普通类,海南
2017,成都中医药大学,0,0,1,文科,本科批,日语,640,3231,10633,普通类,海南
2017,成都中医药大学,0,0,1,文科,本科批,公共事业管理,638,3356,10633,普通类,海南
2017,西南大学,0,1,1,理科,本科批,电子信息类,705,1733,10635,普通类,海南
2017,西南大学,0,1,1,理科,本科批,材料类,693,2221,10635,普通类,海南
2017,西南大学,0,1,1,理科,本科批,环境科学与工程类,690,2349,10635,普通类,海南
2017,西南大学,0,1,1,理科,本科批,动物科学,688,2429,10635,普通类,海南
2017,西南大学,0,1,1,理科,本科批,植物生产类,685,2571,10635,普通类,海南
2017,西南大学,0,1,1,理科,本科批,物理学,685,2571,10635,普通类,海南
2017,西南大学,0,1,1,文科,本科批,工商管理类,753,354,10635,普通类,海南
2017,西南大学,0,1,1,文科,本科批,经济学类,743,451,10635,普通类,海南
2017,西南大学,0,1,1,文科,本科批,文化产业管理,741,469,10635,普通类,海南
2017,西南财经大学,0,1,1,理科,本科批,金融学,768,398,10651,普通类,海南
2017,西南财经大学,0,1,1,理科,本科批,金融工程,766,419,10651,普通类,海南
2017,西南财经大学,0,1,1,理科,本科批,保险学（精算双语实验班）,765,427,10651,普通类,海南
2017,西南财经大学,0,1,1,理科,本科批,金融学（证券与期货方向）,765,427,10651,普通类,海南
2017,西南财经大学,0,1,1,理科,本科批,会计学（双语实验班）,764,439,10651,普通类,海南
2017,西南财经大学,0,1,1,理科,本科批,法学（法学与会计双学位班）,764,439,10651,普通类,海南
2017,西南财经大学,0,1,1,理科,本科批,金融学（双语实验班）,762,460,10651,普通类,海南
2017,西南财经大学,0,1,1,理科,本科批,财务管理,761,474,10651,普通类,海南
2017,西南财经大学,0,1,1,理科,本科批,会计学,760,482,10651,普通类,海南
2017,西南财经大学,0,1,1,理科,本科批,电子商务（支付结算方向）,759,495,10651,普通类,海南
2017,西南财经大学,0,1,1,理科,本科批,保险学,758,509,10651,普通类,海南
2017,西南财经大学,0,1,1,理科,本科批,投资学,757,523,10651,普通类,海南
2017,西南财经大学,0,1,1,理科,本科批,国际经济与贸易（双语实验班）,756,536,10651,普通类,海南
2017,西南财经大学,0,1,1,理科,本科批,保险学（财务与会计双语实验班）,755,556,10651,普通类,海南
2017,西南财经大学,0,1,1,理科,本科批,信用管理,753,580,10651,普通类,海南
2017,西南财经大学,0,1,1,理科,本科批,商务英语,753,580,10651,普通类,海南
2017,西南财经大学,0,1,1,理科,本科批,会计学（注册会计师专门化方向）,752,595,10651,普通类,海南
2017,西南财经大学,0,1,1,理科,本科批,经济统计学,752,595,10651,普通类,海南
2017,西南财经大学,0,1,1,理科,本科批,国际商务（双语实验班）,746,685,10651,普通类,海南
2017,西南财经大学,0,1,1,理科,本科批,工商管理,744,726,10651,普通类,海南
2017,西南财经大学,0,1,1,理科,本科批,人力资源管理,741,785,10651,普通类,海南
2017,西南财经大学,0,1,1,理科,本科批,物流管理,741,785,10651,普通类,海南
2017,西南财经大学,0,1,1,文科,本科批,金融学（双语实验班）,797,105,10651,普通类,海南
2017,西南财经大学,0,1,1,文科,本科批,财务管理,782,166,10651,普通类,海南
2017,西南财经大学,0,1,1,文科,本科批,会计学,778,186,10651,普通类,海南
2017,西南财经大学,0,1,1,文科,本科批,国际经济与贸易（双语实验班）,777,194,10651,普通类,海南
2017,西南财经大学,0,1,1,文科,本科批,信用管理,776,197,10651,普通类,海南
2017,西南财经大学,0,1,1,文科,本科批,会计学（双语实验班）,775,199,10651,普通类,海南
2017,西南财经大学,0,1,1,文科,本科批,法学,774,205,10651,普通类,海南
2017,西南财经大学,0,1,1,文科,本科批,保险学（财务与会计双语实验班）,774,205,10651,普通类,海南
2017,西南财经大学,0,1,1,文科,本科批,财务管理（双语实验班）,774,205,10651,普通类,海南
2017,西南财经大学,0,1,1,文科,本科批,金融学,772,216,10651,普通类,海南
2017,西南财经大学,0,1,1,文科,本科批,人力资源管理,771,222,10651,普通类,海南
2017,西南财经大学,0,1,1,文科,本科批,法学（法学与会计双学位班）,771,222,10651,普通类,海南
2017,西南财经大学,0,1,1,文科,本科批,金融学（证券与期货方向）,769,230,10651,普通类,海南
2017,贵州大学,0,1,1,理科,本科批,财政学类,660,4050,10657,普通类,海南
2017,贵州大学,0,1,1,理科,本科批,土木类,657,4250,10657,普通类,海南
2017,贵州大学,0,1,1,理科,本科批,经济与贸易类,656,4319,10657,普通类,海南
2017,贵州大学,0,1,1,理科,本科批,机械类,648,4893,10657,普通类,海南
2017,贵州大学,0,1,1,理科,本科批,建筑类,645,5138,10657,普通类,海南
2017,贵州大学,0,1,1,理科,本科批,电子信息类,643,5293,10657,普通类,海南
2017,贵州大学,0,1,1,理科,本科批,计算机类,642,5377,10657,普通类,海南
2017,贵州大学,0,1,1,理科,本科批,电气类,642,5377,10657,普通类,海南
2017,贵州大学,0,1,1,理科,本科批,材料类,641,5462,10657,普通类,海南
2017,贵州大学,0,1,1,理科,本科批,制药工程,635,5991,10657,普通类,海南
2017,贵州大学,0,1,1,理科,本科批,动物生产类,634,6077,10657,普通类,海南
2017,贵州大学,0,1,1,理科,本科批,化学类,633,6164,10657,普通类,海南
2017,贵州大学,0,1,1,理科,本科批,生物科学类,632,6252,10657,普通类,海南
2017,贵州大学,0,1,1,文科,本科批,日语,703,1089,10657,普通类,海南
2017,贵州大学,0,1,1,文科,本科批,公共管理类,691,1373,10657,普通类,海南
2017,贵州大学,0,1,1,文科,本科批,中国语言文学类,690,1397,10657,普通类,海南
2017,贵州大学,0,1,1,文科,本科批,外国语言文学类,688,1459,10657,普通类,海南
2017,贵州大学,0,1,1,文科,本科批,工商管理类,687,1482,10657,普通类,海南
2017,贵州大学,0,1,1,文科,本科批,政治学类,683,1597,10657,普通类,海南
2017,云南大学,0,1,1,理科,本科批,会计学,704,1769,10673,普通类,海南
2017,云南大学,0,1,1,理科,本科批,国际经济与贸易,681,2763,10673,普通类,海南
2017,云南大学,0,1,1,理科,本科批,软件工程,681,2763,10673,普通类,海南
2017,云南大学,0,1,1,理科,本科批,工程管理,680,2809,10673,普通类,海南
2017,云南大学,0,1,1,理科,本科批,工商管理,679,2867,10673,普通类,海南
2017,云南大学,0,1,1,理科,本科批,国际政治,678,2925,10673,普通类,海南
2017,云南大学,0,1,1,理科,本科批,生物技术（国家生命科学与技术基地班）,675,3103,10673,普通类,海南
2017,云南大学,0,1,1,理科,本科批,物联网工程,674,3167,10673,普通类,海南
2017,云南大学,0,1,1,理科,本科批,统计学,673,3230,10673,普通类,海南
2017,云南大学,0,1,1,理科,本科批,社会工作,671,3356,10673,普通类,海南
2017,云南大学,0,1,1,理科,本科批,建筑学,668,3504,10673,普通类,海南
2017,云南大学,0,1,1,理科,本科批,环境科学,666,3634,10673,普通类,海南
2017,云南大学,0,1,1,理科,本科批,应用物理学,666,3634,10673,普通类,海南
2017,云南大学,0,1,1,理科,本科批,大气科学,665,3697,10673,普通类,海南
2017,云南大学,0,1,1,理科,本科批,高分子材料与工程,664,3768,10673,普通类,海南
2017,云南大学,0,1,1,理科,本科批,地质学,663,3834,10673,普通类,海南
2017,云南大学,0,1,1,文科,本科批,工商管理,722,731,10673,普通类,海南
2017,云南大学,0,1,1,文科,本科批,会计学,720,768,10673,普通类,海南
2017,云南大学,0,1,1,文科,本科批,国际经济与贸易,719,783,10673,普通类,海南
2017,云南大学,0,1,1,文科,本科批,法学,718,800,10673,普通类,海南
2017,云南大学,0,1,1,文科,本科批,社会工作,714,863,10673,普通类,海南
2017,云南大学,0,1,1,文科,本科批,英语,712,900,10673,普通类,海南
2017,云南大学,0,1,1,文科,本科批,汉语国际教育,711,924,10673,普通类,海南
2017,云南大学,0,1,1,文科,本科批,国际政治,711,924,10673,普通类,海南
2017,西北大学,0,1,1,理科,本科批,计算机科学与技术,688,2429,10697,普通类,海南
2017,西北大学,0,1,1,理科,本科批,电子科学与技术,681,2763,10697,普通类,海南
2017,西北大学,0,1,1,理科,本科批,生物科学（基地班）,678,2925,10697,普通类,海南
2017,西北大学,0,1,1,理科,本科批,物理学类,668,3504,10697,普通类,海南
2017,西北大学,0,1,1,理科,本科批,化学类,665,3697,10697,普通类,海南
2017,西北大学,0,1,1,理科,本科批,过程装备与控制工程,661,3976,10697,普通类,海南
2017,西北大学,0,1,1,理科,本科批,光电信息科学与工程,661,3976,10697,普通类,海南
2017,西北大学,0,1,1,理科,本科批,生物工程,660,4050,10697,普通类,海南
2017,西北大学,0,1,1,理科,本科批,文物保护技术,659,4114,10697,普通类,海南
2017,西北大学,0,1,1,文科,本科批,英语,725,684,10697,普通类,海南
2017,西北大学,0,1,1,文科,本科批,法学,721,754,10697,普通类,海南
2017,西北大学,0,1,1,文科,本科批,工商管理类,719,783,10697,普通类,海南
2017,西北大学,0,1,1,文科,本科批,汉语言文学,716,832,10697,普通类,海南
2017,西北大学,0,1,1,文科,本科批,公共管理类,715,847,10697,普通类,海南
2017,西安交通大学,1,1,1,理科,本科批,电气类,780,289,10698,普通类,海南
2017,西安交通大学,1,1,1,理科,本科批,自动化类,777,316,10698,普通类,海南
2017,西安交通大学,1,1,1,理科,本科批,经济学类,771,373,10698,普通类,海南
2017,西安交通大学,1,1,1,理科,本科批,工科试验班（机类）,768,398,10698,普通类,海南
2017,西北工业大学,1,1,1,理科,本科批,飞行器设计与工程,729,1023,10699,普通类,海南
2017,西北工业大学,1,1,1,理科,本科批,飞行器动力工程,725,1124,10699,普通类,海南
2017,西北工业大学,1,1,1,理科,本科批,探测制导与控制技术,723,1179,10699,普通类,海南
2017,西北工业大学,1,1,1,理科,本科批,水声工程,720,1259,10699,普通类,海南
2017,西北工业大学,1,1,1,理科,本科批,计算机科学与技术,720,1259,10699,普通类,海南
2017,西北工业大学,1,1,1,理科,本科批,工程力学,719,1291,10699,普通类,海南
2017,西北工业大学,1,1,1,理科,本科批,软件工程,719,1291,10699,普通类,海南
2017,西安电子科技大学,0,1,1,理科,本科批,通信工程,738,843,10701,普通类,海南
2017,西安电子科技大学,0,1,1,理科,本科批,电子信息工程,722,1205,10701,普通类,海南
2017,西安电子科技大学,0,1,1,理科,本科批,计算机科学与技术,721,1232,10701,普通类,海南
2017,西安电子科技大学,0,1,1,理科,本科批,电子科学与技术,718,1322,10701,普通类,海南
2017,西安电子科技大学,0,1,1,理科,本科批,软件工程,716,1380,10701,普通类,海南
2017,西安电子科技大学,0,1,1,理科,本科批,微电子科学与工程,716,1380,10701,普通类,海南
2017,西安电子科技大学,0,1,1,理科,本科批,空间科学与技术,714,1434,10701,普通类,海南
2017,长安大学,0,1,1,理科,本科批,道路桥梁与渡河工程,699,1970,10710,普通类,海南
2017,长安大学,0,1,1,理科,本科批,建筑类,690,2349,10710,普通类,海南
2017,长安大学,0,1,1,理科,本科批,管理科学与工程类,685,2571,10710,普通类,海南
2017,长安大学,0,1,1,理科,本科批,土木类,683,2677,10710,普通类,海南
2017,长安大学,0,1,1,理科,本科批,工程力学,683,2677,10710,普通类,海南
2017,长安大学,0,1,1,理科,本科批,交通工程,682,2725,10710,普通类,海南
2017,长安大学,0,1,1,理科,本科批,交通运输类,673,3230,10710,普通类,海南
2017,长安大学,0,1,1,理科,本科批,道路桥梁与渡河工程（国际工程班）,672,3284,10710,普通类,海南
2017,长安大学,0,1,1,理科,本科批,机械类,665,3697,10710,普通类,海南
2017,长安大学,0,1,1,理科,本科批,测控技术与仪器,663,3834,10710,普通类,海南
2017,长安大学,0,1,1,理科,本科批,材料类,663,3834,10710,普通类,海南
2017,西北农林科技大学,1,1,1,理科,本科批,风景园林,668,3504,10712,普通类,海南
2017,西北农林科技大学,1,1,1,理科,本科批,工商管理类,666,3634,10712,普通类,海南
2017,西北农林科技大学,1,1,1,理科,本科批,葡萄与葡萄酒工程,661,3976,10712,普通类,海南
2017,西北农林科技大学,1,1,1,理科,本科批,土木工程,660,4050,10712,普通类,海南
2017,西北农林科技大学,1,1,1,理科,本科批,机械类,658,4186,10712,普通类,海南
2017,西北农林科技大学,1,1,1,理科,本科批,食品科学与工程类,655,4389,10712,普通类,海南
2017,西北农林科技大学,1,1,1,理科,本科批,生物科学类,654,4469,10712,普通类,海南
2017,西北农林科技大学,1,1,1,理科,本科批,信息管理与信息系统,653,4531,10712,普通类,海南
2017,陕西师范大学,0,1,1,理科,本科批,生物科学（师范）,731,989,10718,普通类,海南
2017,陕西师范大学,0,1,1,理科,本科批,化学（师范）,729,1023,10718,普通类,海南
2017,陕西师范大学,0,1,1,理科,本科批,地理科学（师范）,721,1232,10718,普通类,海南
2017,陕西师范大学,0,1,1,理科,本科批,数学与应用数学（师范）,721,1232,10718,普通类,海南
2017,陕西师范大学,0,1,1,理科,本科批,物理学（师范）,718,1322,10718,普通类,海南
2017,陕西师范大学,0,1,1,文科,本科批,历史学（师范）,753,354,10718,普通类,海南
2017,陕西师范大学,0,1,1,文科,本科批,汉语言文学（师范）,750,377,10718,普通类,海南
2017,陕西师范大学,0,1,1,文科,本科批,英语（师范）,746,414,10718,普通类,海南
2017,陕西师范大学,0,1,1,文科,本科批,思想政治教育（师范）,744,433,10718,普通类,海南
2017,兰州大学,1,1,1,理科,本科批,计算机类,701,1884,10730,普通类,海南
2017,兰州大学,1,1,1,理科,本科批,生物科学类,698,2010,10730,普通类,海南
2017,兰州大学,1,1,1,理科,本科批,工商管理类,689,2391,10730,普通类,海南
2017,兰州大学,1,1,1,理科,本科批,口腔医学,688,2429,10730,普通类,海南
2017,兰州大学,1,1,1,文科,本科批,工商管理类,723,717,10730,普通类,海南
2017,兰州大学,1,1,1,文科,本科批,新闻传播学类,720,768,10730,普通类,海南
2017,兰州大学,1,1,1,文科,本科批,汉语言文学,719,783,10730,普通类,海南
2017,青海大学,0,1,1,理科,本科批,计算机科学与技术,620,7392,10743,普通类,海南
2017,青海大学,0,1,1,理科,本科批,药学,619,7510,10743,普通类,海南
2017,青海大学,0,1,1,理科,本科批,临床医学,619,7510,10743,普通类,海南
2017,青海大学,0,1,1,理科,本科批,土木工程,593,10369,10743,普通类,海南
2017,青海大学,0,1,1,理科,本科批,生物工程,591,10611,10743,普通类,海南
2017,青海大学,0,1,1,理科,本科批,工商管理类,583,11610,10743,普通类,海南
2017,宁夏大学,0,1,1,文科,本科批,法学,664,2206,10749,普通类,海南
2017,宁夏大学,0,1,1,文科,本科批,工商管理类,658,2453,10749,普通类,海南
2017,新疆大学,0,1,1,理科,本科批,能源与动力工程,584,11479,10755,普通类,海南
2017,石河子大学,0,1,1,理科,本科批,财务管理,577,12368,10759,普通类,海南
2017,石河子大学,0,1,1,理科,本科批,临床医学,574,12737,10759,普通类,海南
2017,石河子大学,0,1,1,理科,本科批,口腔医学,569,13420,10759,普通类,海南
2017,石河子大学,0,1,1,理科,本科批,会计学,569,13420,10759,普通类,海南
2017,石河子大学,0,1,1,理科,本科批,信息与计算科学,566,13784,10759,普通类,海南
2017,石河子大学,0,1,1,理科,本科批,国际经济与贸易,565,13936,10759,普通类,海南
2017,石河子大学,0,1,1,理科,本科批,医学影像学,564,14060,10759,普通类,海南
2017,石河子大学,0,1,1,理科,本科批,化学,563,14195,10759,普通类,海南
2017,石河子大学,0,1,1,理科,本科批,动物医学,562,14338,10759,普通类,海南
2017,石河子大学,0,1,1,理科,本科批,园林,562,14338,10759,普通类,海南
2017,石河子大学,0,1,1,理科,本科批,护理学,561,14475,10759,普通类,海南
2017,石河子大学,0,1,1,理科,本科批,应用物理学,560,14615,10759,普通类,海南
2017,石河子大学,0,1,1,理科,本科批,信息管理与信息系统,558,14892,10759,普通类,海南
2017,石河子大学,0,1,1,理科,本科批,林学,558,14892,10759,普通类,海南
2017,石河子大学,0,1,1,理科,本科批,旅游管理,557,15020,10759,普通类,海南
2017,石河子大学,0,1,1,理科,本科批,科学教育,557,15020,10759,普通类,海南
2017,石河子大学,0,1,1,理科,本科批,动物科学,556,15156,10759,普通类,海南
2017,石河子大学,0,1,1,理科,本科批,植物保护,556,15156,10759,普通类,海南
2017,石河子大学,0,1,1,文科,本科批,国际经济与贸易,642,3137,10759,普通类,海南
2017,石河子大学,0,1,1,文科,本科批,会计学,606,5100,10759,普通类,海南
2017,石河子大学,0,1,1,文科,本科批,财务管理,603,5313,10759,普通类,海南
2017,石河子大学,0,1,1,文科,本科批,护理学,594,5893,10759,普通类,海南
2017,石河子大学,0,1,1,文科,本科批,汉语言文学,591,6101,10759,普通类,海南
2017,中国矿业大学（北京）,0,1,1,理科,本科批,会计学,713,1462,11413,普通类,海南
2017,中国矿业大学（北京）,0,1,1,理科,本科批,电气工程及其自动化,670,3405,11413,普通类,海南
2017,中国矿业大学（北京）,0,1,1,理科,本科批,材料科学与工程,662,3901,11413,普通类,海南
2017,中国矿业大学（北京）,0,1,1,理科,本科批,土木工程,652,4611,11413,普通类,海南
2017,中国矿业大学（北京）,0,1,1,理科,本科批,化学工程与工艺,650,4732,11413,普通类,海南
2017,中国矿业大学（北京）,0,1,1,文科,本科批,英语,726,673,11413,普通类,海南
2017,中国石油大学（北京）,0,1,1,理科,本科批,经济学类,686,2523,11414,普通类,海南
2017,中国石油大学（北京）,0,1,1,理科,本科批,机械设计制造及其自动化,683,2677,11414,普通类,海南
2017,中国石油大学（北京）,0,1,1,理科,本科批,计算机科学与技术,670,3405,11414,普通类,海南
2017,中国石油大学（北京）,0,1,1,理科,本科批,工商管理类,668,3504,11414,普通类,海南
2017,中国石油大学（北京）,0,1,1,理科,本科批,应用化学,667,3577,11414,普通类,海南
2017,中国石油大学（北京）,0,1,1,理科,本科批,石油工程,663,3834,11414,普通类,海南
2017,中国石油大学（北京）,0,1,1,理科,本科批,油气储运工程,663,3834,11414,普通类,海南
2017,中国石油大学（北京）,0,1,1,理科,本科批,资源勘查工程,662,3901,11414,普通类,海南
2017,中国石油大学（北京）,0,1,1,理科,本科批,测控技术与仪器,661,3976,11414,普通类,海南
2017,中国石油大学（北京）,0,1,1,理科,本科批,化学工程与工艺,658,4186,11414,普通类,海南
2017,中国石油大学（北京）,0,1,1,理科,本科批,海洋油气工程,656,4319,11414,普通类,海南
2017,中国石油大学（北京）,0,1,1,理科,本科批,材料科学与工程,656,4319,11414,普通类,海南
2017,中国地质大学（北京）,0,1,1,理科,本科批,宝石及材料工艺学,715,1411,11415,普通类,海南
2017,中国地质大学（北京）,0,1,1,理科,本科批,电气工程及其自动化,672,3284,11415,普通类,海南
2017,中国地质大学（北京）,0,1,1,理科,本科批,电子信息工程,668,3504,11415,普通类,海南
2017,中国地质大学（北京）,0,1,1,理科,本科批,水文与水资源工程,667,3577,11415,普通类,海南
2017,中国地质大学（北京）,0,1,1,理科,本科批,资源勘查工程（能源）,662,3901,11415,普通类,海南
2017,中国地质大学（北京）,0,1,1,理科,本科批,土木工程,661,3976,11415,普通类,海南
2017,中国地质大学（北京）,0,1,1,理科,本科批,信息管理与信息系统,658,4186,11415,普通类,海南
2017,中国地质大学（北京）,0,1,1,理科,本科批,地质工程,658,4186,11415,普通类,海南
2017,中国地质大学（北京）,0,1,1,理科,本科批,资源勘查工程（固体矿产）,656,4319,11415,普通类,海南
2017,中国地质大学（北京）,0,1,1,理科,本科批,土地资源管理,642,5377,11415,普通类,海南
2017,中国地质大学（北京）,0,1,1,理科,本科批,海洋科学,641,5462,11415,普通类,海南
2017,中国地质大学（北京）,0,1,1,理科,本科批,测控技术与仪器,637,5798,11415,普通类,海南
2017,宁波大学,0,0,1,理科,本科批,法学类（法政类）,685,2571,11646,普通类,海南
2017,宁波大学,0,0,1,理科,本科批,电子信息类,680,2809,11646,普通类,海南
2017,宁波大学,0,0,1,理科,本科批,新闻传播学类（人文与传媒类）,678,2925,11646,普通类,海南
2017,宁波大学,0,0,1,理科,本科批,英语,675,3103,11646,普通类,海南
2017,宁波大学,0,0,1,理科,本科批,日语,670,3405,11646,普通类,海南
2017,宁波大学,0,0,1,理科,本科批,工商管理类,669,3447,11646,普通类,海南
2017,宁波大学,0,0,1,理科,本科批,海洋科学类,665,3697,11646,普通类,海南
2017,宁波大学,0,0,1,理科,本科批,食品科学与工程,659,4114,11646,普通类,海南
2017,宁波大学,0,0,1,理科,本科批,机械类,657,4250,11646,普通类,海南
